-- MySQL dump 10.13  Distrib 5.5.62, for Win64 (AMD64)
--
-- Host: 127.0.0.1    Database: vk
-- ------------------------------------------------------
-- Server version	5.7.25-0ubuntu0.16.04.2

/*!40101 SET @OLD_CHARACTER_SET_CLIENT=@@CHARACTER_SET_CLIENT */;
/*!40101 SET @OLD_CHARACTER_SET_RESULTS=@@CHARACTER_SET_RESULTS */;
/*!40101 SET @OLD_COLLATION_CONNECTION=@@COLLATION_CONNECTION */;
/*!40101 SET NAMES utf8 */;
/*!40103 SET @OLD_TIME_ZONE=@@TIME_ZONE */;
/*!40103 SET TIME_ZONE='+00:00' */;
/*!40014 SET @OLD_UNIQUE_CHECKS=@@UNIQUE_CHECKS, UNIQUE_CHECKS=0 */;
/*!40014 SET @OLD_FOREIGN_KEY_CHECKS=@@FOREIGN_KEY_CHECKS, FOREIGN_KEY_CHECKS=0 */;
/*!40101 SET @OLD_SQL_MODE=@@SQL_MODE, SQL_MODE='NO_AUTO_VALUE_ON_ZERO' */;
/*!40111 SET @OLD_SQL_NOTES=@@SQL_NOTES, SQL_NOTES=0 */;

--
-- Table structure for table `cities`
--

DROP TABLE IF EXISTS `cities`;
/*!40101 SET @saved_cs_client     = @@character_set_client */;
/*!40101 SET character_set_client = utf8 */;
CREATE TABLE `cities` (
  `id` int(10) unsigned NOT NULL AUTO_INCREMENT,
  `name` varchar(150) COLLATE utf8mb4_unicode_ci NOT NULL,
  `country_id` int(10) unsigned DEFAULT NULL,
  PRIMARY KEY (`id`)
) ENGINE=InnoDB AUTO_INCREMENT=101 DEFAULT CHARSET=utf8mb4 COLLATE=utf8mb4_unicode_ci;
/*!40101 SET character_set_client = @saved_cs_client */;

--
-- Dumping data for table `cities`
--

LOCK TABLES `cities` WRITE;
/*!40000 ALTER TABLE `cities` DISABLE KEYS */;
INSERT INTO `cities` VALUES (1,'South Simburgh',1),(2,'West Brenna',2),(3,'Julianachester',3),(4,'New Amelie',4),(5,'North Cathyland',5),(6,'Port Hailietown',6),(7,'Shakiraburgh',7),(8,'North Danyka',8),(9,'Bartellbury',9),(10,'New Damion',10),(11,'New Kareem',11),(12,'Lake Kaydenville',12),(13,'South Merle',13),(14,'Ernsermouth',14),(15,'Pfefferside',15),(16,'West Daren',16),(17,'New Juston',17),(18,'South Donnyville',18),(19,'Altashire',19),(20,'East Lexiebury',20),(21,'Collinsstad',21),(22,'New Emil',22),(23,'Port Xzavier',23),(24,'West Felton',24),(25,'Lake Westonmouth',25),(26,'Mariamouth',26),(27,'Port Rhiannonport',27),(28,'New Mateoborough',28),(29,'Tremblayport',29),(30,'New Hattieshire',30),(31,'East Christianchester',31),(32,'New Lexiton',32),(33,'West Gerdamouth',33),(34,'Sipeshaven',34),(35,'Jordyhaven',35),(36,'Isadoreborough',36),(37,'South Lempi',37),(38,'West Zackary',38),(39,'South Eulahport',39),(40,'South Adellaport',40),(41,'Josefinashire',41),(42,'Dorianton',42),(43,'North Nia',43),(44,'Maureenberg',44),(45,'Sethborough',45),(46,'Sanfordmouth',46),(47,'Lake Marianoport',47),(48,'McClureside',48),(49,'West Cristobalport',49),(50,'Manteport',50),(51,'Heidenreichland',51),(52,'East Amiyatown',52),(53,'East Myaberg',53),(54,'Westside',54),(55,'Hintzport',55),(56,'West Reinholdfort',56),(57,'North Neldaland',57),(58,'Susanaburgh',58),(59,'Rosemaryburgh',59),(60,'West Wymanburgh',60),(61,'West Pierce',61),(62,'West Kayleighchester',62),(63,'Handstad',63),(64,'East Janessaburgh',64),(65,'Lake Calebfurt',65),(66,'East Orvalton',66),(67,'East Catharine',67),(68,'West Sonyastad',68),(69,'Claremouth',69),(70,'Port Baby',70),(71,'Peterside',71),(72,'Pamelaburgh',72),(73,'Rosalindbury',73),(74,'South Brodyport',74),(75,'West Brennaton',75),(76,'Emmerichbury',76),(77,'Tremblayland',77),(78,'Muellerbury',78),(79,'Townebury',79),(80,'Port Gerson',80),(81,'West Morton',81),(82,'West Constantin',82),(83,'West Garretview',83),(84,'Katherinemouth',84),(85,'Kulasstad',85),(86,'Kshlerinton',86),(87,'New Courtney',87),(88,'Meggieview',88),(89,'Caliport',89),(90,'North Haskell',90),(91,'Weberborough',91),(92,'South Tabithaville',92),(93,'Predovicside',93),(94,'Goldnerbury',94),(95,'East Myrtis',95),(96,'Edmondfurt',96),(97,'North Charles',97),(98,'Lake Glennie',98),(99,'Haroldstad',99),(100,'Adolphview',100);
/*!40000 ALTER TABLE `cities` ENABLE KEYS */;
UNLOCK TABLES;

--
-- Table structure for table `communities`
--

DROP TABLE IF EXISTS `communities`;
/*!40101 SET @saved_cs_client     = @@character_set_client */;
/*!40101 SET character_set_client = utf8 */;
CREATE TABLE `communities` (
  `id` int(10) unsigned NOT NULL AUTO_INCREMENT COMMENT 'Идентификатор сроки',
  `name` varchar(150) COLLATE utf8mb4_unicode_ci NOT NULL COMMENT 'Название группы',
  `created_at` datetime DEFAULT CURRENT_TIMESTAMP COMMENT 'Время создания строки',
  `updated_at` datetime DEFAULT CURRENT_TIMESTAMP ON UPDATE CURRENT_TIMESTAMP COMMENT 'Время обновления строки',
  PRIMARY KEY (`id`),
  UNIQUE KEY `name` (`name`)
) ENGINE=InnoDB AUTO_INCREMENT=101 DEFAULT CHARSET=utf8mb4 COLLATE=utf8mb4_unicode_ci COMMENT='Группы';
/*!40101 SET character_set_client = @saved_cs_client */;

--
-- Dumping data for table `communities`
--

LOCK TABLES `communities` WRITE;
/*!40000 ALTER TABLE `communities` DISABLE KEYS */;
INSERT INTO `communities` VALUES (1,'minima','1975-12-28 03:21:51','2004-08-30 23:42:07'),(2,'ab','1989-12-09 15:44:52','2003-08-27 04:24:50'),(3,'ipsam','1993-01-15 23:44:50','2021-08-07 21:32:53'),(4,'suscipit','1979-05-08 08:23:53','2015-04-25 09:12:20'),(5,'debitis','2019-08-31 14:06:47','2021-08-07 21:32:53'),(6,'eveniet','1971-05-09 13:22:41','1971-07-10 16:44:40'),(7,'optio','1991-01-17 11:46:18','2021-08-07 21:32:53'),(8,'et','2013-06-06 21:40:32','2021-08-07 21:32:53'),(9,'labore','1975-12-04 13:04:43','2018-04-15 22:54:15'),(10,'iusto','1999-11-20 19:23:21','2021-08-07 21:32:53'),(11,'id','2012-06-04 09:42:03','2021-08-07 21:32:53'),(12,'similique','1980-09-16 15:18:14','1990-11-24 07:16:57'),(13,'dolorem','1971-07-09 12:49:57','1982-04-12 17:28:00'),(14,'consequatur','1990-09-02 00:23:19','2014-04-19 00:19:16'),(15,'odit','1977-05-21 00:05:32','2021-08-07 21:32:53'),(16,'maxime','1985-09-16 08:31:13','1992-08-16 08:51:21'),(17,'magni','1980-06-24 21:49:46','1989-12-12 23:24:48'),(18,'tenetur','1993-02-19 15:26:07','2021-08-07 21:32:53'),(19,'consequuntur','1987-11-22 00:17:10','2016-11-11 22:59:40'),(20,'deserunt','2006-12-31 15:03:37','2021-08-07 21:32:53'),(21,'autem','2012-10-30 11:36:46','2021-08-07 21:32:53'),(22,'neque','2020-03-15 12:11:22','2021-08-07 21:32:53'),(23,'velit','1986-03-14 17:53:11','1998-06-27 10:47:28'),(24,'illum','1976-11-03 15:43:18','2003-11-17 06:19:36'),(25,'dignissimos','2001-11-04 07:07:55','2021-08-07 21:32:53'),(26,'sint','2019-12-12 10:45:39','2021-08-07 21:32:53'),(27,'nam','2000-03-12 19:25:51','2021-08-07 21:32:53'),(28,'voluptas','1997-10-29 22:58:36','2002-07-20 06:57:46'),(29,'impedit','2011-12-20 05:58:23','2021-08-07 21:32:53'),(30,'rerum','1987-11-07 06:52:38','1989-12-26 18:54:14');
/*!40000 ALTER TABLE `communities` ENABLE KEYS */;
UNLOCK TABLES;

--
-- Table structure for table `communities_users`
--

DROP TABLE IF EXISTS `communities_users`;
/*!40101 SET @saved_cs_client     = @@character_set_client */;
/*!40101 SET character_set_client = utf8 */;
CREATE TABLE `communities_users` (
  `community_id` int(10) unsigned NOT NULL COMMENT 'Ссылка на группу',
  `user_id` int(10) unsigned NOT NULL COMMENT 'Ссылка на пользователя',
  `created_at` datetime DEFAULT CURRENT_TIMESTAMP COMMENT 'Время создания строки',
  PRIMARY KEY (`community_id`,`user_id`) COMMENT 'Составной первичный ключ'
) ENGINE=InnoDB DEFAULT CHARSET=utf8mb4 COLLATE=utf8mb4_unicode_ci COMMENT='Участники групп, связь между пользователями и группами';
/*!40101 SET character_set_client = @saved_cs_client */;

--
-- Dumping data for table `communities_users`
--

LOCK TABLES `communities_users` WRITE;
/*!40000 ALTER TABLE `communities_users` DISABLE KEYS */;
INSERT INTO `communities_users` VALUES (1,2,'1996-02-08 17:00:02'),(1,49,'1999-02-25 10:58:15'),(1,59,'2008-01-18 20:47:39'),(3,7,'2003-02-27 19:37:52'),(3,10,'1980-03-12 05:12:26'),(3,18,'1984-03-07 08:54:43'),(3,46,'2005-04-08 11:38:55'),(3,58,'1998-08-06 09:56:56'),(3,63,'1999-02-15 05:52:14'),(4,20,'1994-09-16 16:01:41'),(4,37,'2014-12-18 03:50:58'),(4,61,'1988-06-20 19:11:01'),(4,65,'1980-06-19 02:10:44'),(5,7,'1986-09-19 16:52:36'),(5,48,'1980-03-28 03:59:00'),(6,39,'1977-03-02 13:38:51'),(6,41,'1985-09-16 10:18:21'),(6,53,'2002-01-23 16:16:38'),(6,75,'1981-09-10 22:31:05'),(6,81,'2015-12-28 01:03:43'),(6,89,'1996-08-31 08:50:17'),(7,17,'1994-03-24 16:25:40'),(7,22,'1993-02-15 17:49:43'),(7,52,'2018-12-19 03:08:15'),(8,25,'1984-06-28 11:54:00'),(8,29,'1977-12-04 03:26:07'),(9,19,'1984-03-25 14:39:21'),(9,36,'2005-09-08 22:11:23'),(10,78,'1974-10-17 21:54:36'),(10,85,'2003-05-28 01:51:31'),(11,3,'1981-11-15 06:41:32'),(11,7,'1986-08-21 03:52:35'),(11,19,'1970-03-28 02:17:00'),(11,41,'1971-08-17 07:18:16'),(11,48,'1977-11-03 04:20:59'),(11,53,'2019-11-06 07:34:21'),(11,60,'2010-12-17 02:54:51'),(11,61,'2001-02-22 03:12:29'),(11,70,'2006-11-06 05:27:01'),(11,71,'1994-06-24 14:32:17'),(12,69,'1972-08-29 17:45:32'),(12,74,'1980-05-06 07:07:46'),(12,94,'1984-11-01 05:16:49'),(13,9,'1988-10-30 13:57:59'),(13,17,'2017-05-18 12:19:45'),(13,26,'1996-10-22 06:51:30'),(13,88,'1973-11-04 15:53:24'),(15,15,'2008-08-05 14:24:25'),(15,27,'1984-07-05 18:10:54'),(15,55,'1989-07-11 01:48:36'),(15,64,'1975-08-15 02:30:11'),(16,94,'1981-01-18 11:35:08'),(17,7,'1988-12-30 04:26:37'),(17,15,'2009-05-03 17:01:05'),(17,52,'1989-10-23 11:51:16'),(17,74,'2000-02-03 17:09:37'),(17,79,'1983-03-11 00:47:33'),(18,14,'1992-02-06 13:16:34'),(18,47,'1974-07-10 23:28:47'),(19,14,'2011-10-11 02:04:19'),(19,31,'2005-02-28 20:17:01'),(19,33,'1983-11-09 08:00:07'),(19,63,'2002-10-27 19:51:50'),(19,77,'1984-03-16 10:46:41'),(20,14,'1983-11-03 08:18:16'),(20,68,'2004-11-16 04:03:03'),(21,11,'2014-04-09 13:54:48'),(21,47,'2000-08-11 08:00:31'),(21,48,'2014-07-28 22:16:51'),(21,76,'1981-03-10 19:50:39'),(22,7,'1977-03-10 16:26:59'),(22,56,'2014-06-04 18:17:15'),(22,61,'1992-04-03 10:16:35'),(22,78,'2005-05-17 20:21:24'),(22,95,'2008-04-04 12:16:19'),(22,96,'2015-05-06 05:22:01'),(23,41,'1981-06-23 01:20:34'),(23,64,'1975-08-03 11:00:55'),(23,85,'1998-02-16 13:42:00'),(24,97,'2014-04-12 07:23:51'),(25,97,'1983-11-25 01:14:09'),(26,70,'2013-09-26 15:52:11'),(26,75,'1999-01-09 22:05:52'),(27,8,'1988-08-17 15:09:24'),(27,23,'2001-03-24 02:06:02'),(27,69,'1996-06-06 07:48:48'),(28,17,'1994-03-18 02:13:39'),(28,20,'2003-11-20 18:49:24'),(28,30,'2017-11-10 22:48:27'),(28,51,'1975-04-19 17:56:11'),(29,16,'1979-04-15 07:09:49'),(29,18,'2014-08-30 10:10:44'),(29,19,'1971-12-20 22:25:11'),(29,55,'2020-09-07 02:18:22'),(29,82,'2006-12-01 08:21:04'),(30,17,'1982-04-01 07:56:20'),(30,31,'1992-10-05 03:29:34'),(30,42,'1996-08-22 00:57:36'),(30,43,'1995-08-24 17:44:10'),(30,52,'1980-01-05 17:08:41');
/*!40000 ALTER TABLE `communities_users` ENABLE KEYS */;
UNLOCK TABLES;

--
-- Table structure for table `countries`
--

DROP TABLE IF EXISTS `countries`;
/*!40101 SET @saved_cs_client     = @@character_set_client */;
/*!40101 SET character_set_client = utf8 */;
CREATE TABLE `countries` (
  `id` int(10) unsigned NOT NULL AUTO_INCREMENT,
  `name` varchar(150) COLLATE utf8mb4_unicode_ci NOT NULL,
  PRIMARY KEY (`id`)
) ENGINE=InnoDB AUTO_INCREMENT=101 DEFAULT CHARSET=utf8mb4 COLLATE=utf8mb4_unicode_ci;
/*!40101 SET character_set_client = @saved_cs_client */;

--
-- Dumping data for table `countries`
--

LOCK TABLES `countries` WRITE;
/*!40000 ALTER TABLE `countries` DISABLE KEYS */;
INSERT INTO `countries` VALUES (1,'Belarus'),(2,'Belarus'),(3,'Russian Federation'),(4,'Russian Federation'),(5,'Russian Federation'),(6,'Russian Federation'),(7,'Poland'),(8,'Germany'),(9,'Poland'),(10,'Germany'),(11,'Belarus'),(12,'Belarus'),(13,'Poland'),(14,'Poland'),(15,'Belarus'),(16,'Russian Federation'),(17,'Belarus'),(18,'Germany'),(19,'Germany'),(20,'Belarus'),(21,'Belarus'),(22,'Russian Federation'),(23,'Belarus'),(24,'Germany'),(25,'Germany'),(26,'Russian Federation'),(27,'Russian Federation'),(28,'Germany'),(29,'Russian Federation'),(30,'Belarus'),(31,'Germany'),(32,'Germany'),(33,'Poland'),(34,'Poland'),(35,'Germany'),(36,'Belarus'),(37,'Poland'),(38,'Poland'),(39,'Germany'),(40,'Russian Federation'),(41,'Germany'),(42,'Belarus'),(43,'Germany'),(44,'Russian Federation'),(45,'Germany'),(46,'Poland'),(47,'Belarus'),(48,'Germany'),(49,'Poland'),(50,'Russian Federation'),(51,'Germany'),(52,'Russian Federation'),(53,'Belarus'),(54,'Belarus'),(55,'Belarus'),(56,'Poland'),(57,'Germany'),(58,'Belarus'),(59,'Poland'),(60,'Germany'),(61,'Germany'),(62,'Russian Federation'),(63,'Poland'),(64,'Belarus'),(65,'Russian Federation'),(66,'Germany'),(67,'Poland'),(68,'Germany'),(69,'Poland'),(70,'Belarus'),(71,'Belarus'),(72,'Russian Federation'),(73,'Russian Federation'),(74,'Poland'),(75,'Russian Federation'),(76,'Russian Federation'),(77,'Belarus'),(78,'Germany'),(79,'Russian Federation'),(80,'Poland'),(81,'Russian Federation'),(82,'Belarus'),(83,'Belarus'),(84,'Poland'),(85,'Russian Federation'),(86,'Poland'),(87,'Poland'),(88,'Germany'),(89,'Russian Federation'),(90,'Belarus'),(91,'Germany'),(92,'Russian Federation'),(93,'Germany'),(94,'Poland'),(95,'Russian Federation'),(96,'Poland'),(97,'Poland'),(98,'Russian Federation'),(99,'Germany'),(100,'Germany');
/*!40000 ALTER TABLE `countries` ENABLE KEYS */;
UNLOCK TABLES;

--
-- Table structure for table `friendship`
--

DROP TABLE IF EXISTS `friendship`;
/*!40101 SET @saved_cs_client     = @@character_set_client */;
/*!40101 SET character_set_client = utf8 */;
CREATE TABLE `friendship` (
  `user_id` int(10) unsigned NOT NULL COMMENT 'Ссылка на инициатора дружеских отношений',
  `friend_id` int(10) unsigned NOT NULL COMMENT 'Ссылка на получателя приглашения дружить',
  `friendship_status_id` int(10) unsigned NOT NULL COMMENT 'Ссылка на статус (текущее состояние) отношений',
  `confirmed_at` datetime DEFAULT NULL COMMENT 'Время подтверждения приглашения',
  `created_at` datetime DEFAULT CURRENT_TIMESTAMP COMMENT 'Время создания строки',
  `updated_at` datetime DEFAULT CURRENT_TIMESTAMP ON UPDATE CURRENT_TIMESTAMP COMMENT 'Время обновления строки',
  PRIMARY KEY (`user_id`,`friend_id`) COMMENT 'Составной первичный ключ'
) ENGINE=InnoDB DEFAULT CHARSET=utf8mb4 COLLATE=utf8mb4_unicode_ci COMMENT='Таблица дружбы';
/*!40101 SET character_set_client = @saved_cs_client */;

--
-- Dumping data for table `friendship`
--

LOCK TABLES `friendship` WRITE;
/*!40000 ALTER TABLE `friendship` DISABLE KEYS */;
INSERT INTO `friendship` VALUES (1,65,2,'2021-08-07 21:08:34','1997-08-15 04:44:55','2021-08-07 21:29:55'),(2,41,2,'2021-08-07 21:08:34','1988-10-14 02:46:29','2021-08-07 21:29:55'),(3,98,3,'2021-08-07 21:08:34','2015-01-07 18:48:09','2021-08-07 21:29:55'),(4,87,2,'2021-08-07 21:08:34','1973-03-07 01:36:19','2021-08-07 21:29:55'),(5,69,1,'2021-08-07 21:08:34','1977-01-02 07:39:28','2021-08-07 21:29:55'),(6,17,3,'2021-08-07 21:08:34','1971-10-27 11:00:23','2021-08-07 21:29:55'),(7,1,3,'2021-08-07 21:08:34','2021-01-10 19:31:32','2021-08-07 21:29:55'),(8,69,2,'2021-08-07 21:08:34','1974-12-04 21:41:02','2021-08-07 21:29:55'),(9,85,2,'2021-08-07 21:08:34','1976-11-15 08:41:30','2021-08-07 21:29:55'),(10,1,2,'2021-08-07 21:08:34','2014-01-28 23:29:49','2021-08-07 21:29:55'),(11,40,2,'2021-08-07 21:08:34','2017-01-02 13:09:35','2021-08-07 21:29:55'),(12,53,1,'2021-08-07 21:08:34','1982-07-25 02:50:43','2021-08-07 21:29:55'),(13,48,2,'2021-08-07 21:08:34','2005-01-03 10:06:25','2021-08-07 21:29:55'),(14,29,2,'2021-08-07 21:08:34','1979-09-07 04:30:01','2021-08-07 21:29:55'),(15,22,3,'2021-08-07 21:08:34','1970-04-28 13:06:43','2021-08-07 21:29:55'),(16,49,3,'2021-08-07 21:08:34','1970-04-05 22:13:34','2021-08-07 21:29:55'),(17,31,3,'2021-08-07 21:08:34','1999-07-19 14:07:31','2021-08-07 21:29:55'),(18,47,1,'2021-08-07 21:08:34','1973-04-11 22:10:03','2021-08-07 21:29:55'),(19,8,2,'2021-08-07 21:08:34','1976-12-27 19:56:22','2021-08-07 21:29:55'),(20,28,3,'2021-08-07 21:08:34','2015-01-28 13:55:40','2021-08-07 21:29:55'),(21,46,3,'2021-08-07 21:08:34','1996-05-13 15:33:50','2021-08-07 21:29:55'),(22,16,2,'2021-08-07 21:08:34','2010-06-07 14:53:25','2021-08-07 21:29:55'),(23,86,1,'2021-08-07 21:08:34','1999-06-13 18:42:50','2021-08-07 21:29:55'),(24,92,3,'2021-08-07 21:08:34','1976-03-14 12:29:22','2021-08-07 21:29:55'),(25,74,2,'2021-08-07 21:08:34','1975-02-02 16:36:02','2021-08-07 21:29:55'),(26,75,3,'2021-08-07 21:08:34','2020-01-06 02:26:15','2021-08-07 21:29:55'),(27,53,3,'2021-08-07 21:08:34','2000-12-14 10:17:23','2021-08-07 21:29:55'),(28,34,2,'2021-08-07 21:08:34','1981-04-03 22:57:08','2021-08-07 21:29:55'),(29,69,2,'2021-08-07 21:08:34','2016-07-23 01:41:22','2021-08-07 21:29:55'),(30,94,2,'2021-08-07 21:08:34','2014-05-18 07:41:19','2021-08-07 21:29:55'),(31,70,3,'2021-08-07 21:08:34','2019-11-27 23:44:33','2021-08-07 21:29:55'),(32,84,1,'2021-08-07 21:08:34','2018-12-12 04:05:00','2021-08-07 21:29:55'),(33,56,1,'2021-08-07 21:08:34','2016-10-06 11:40:16','2021-08-07 21:29:55'),(34,11,1,'2021-08-07 21:08:34','2013-08-28 13:45:12','2021-08-07 21:29:55'),(35,95,2,'2021-08-07 21:08:34','1999-02-26 10:42:08','2021-08-07 21:29:55'),(36,1,1,'2021-08-07 21:08:34','2014-11-07 02:43:35','2021-08-07 21:29:55'),(37,61,1,'2021-08-07 21:08:34','1975-08-03 17:52:38','2021-08-07 21:29:55'),(38,52,2,'2021-08-07 21:08:34','1984-01-18 12:48:38','2021-08-07 21:29:55'),(39,34,2,'2021-08-07 21:08:34','1997-05-13 14:57:26','2021-08-07 21:29:55'),(40,72,3,'2021-08-07 21:08:34','2004-03-26 01:42:33','2021-08-07 21:29:55'),(41,62,1,'2021-08-07 21:08:34','1978-11-22 18:19:46','2021-08-07 21:29:55'),(42,25,2,'2021-08-07 21:08:34','1985-05-22 01:23:03','2021-08-07 21:29:55'),(43,17,1,'2021-08-07 21:08:34','2005-09-27 06:56:42','2021-08-07 21:29:55'),(44,84,3,'2021-08-07 21:08:34','1974-11-16 10:06:19','2021-08-07 21:29:55'),(45,45,1,'2021-08-07 21:08:34','2016-06-15 03:26:40','2021-08-07 21:29:55'),(46,95,3,'2021-08-07 21:08:34','1971-04-27 16:51:39','2021-08-07 21:29:55'),(47,89,2,'2021-08-07 21:08:34','2010-06-01 23:53:13','2021-08-07 21:29:55'),(48,43,1,'2021-08-07 21:08:34','1989-10-21 04:42:28','2021-08-07 21:29:55'),(49,100,1,'2021-08-07 21:08:34','1989-12-21 09:59:43','2021-08-07 21:29:55'),(50,3,2,'2021-08-07 21:08:34','1993-07-02 08:48:47','2021-08-07 21:29:55'),(51,63,2,'2021-08-07 21:08:34','1985-05-26 22:58:21','2021-08-07 21:29:55'),(52,66,3,'2021-08-07 21:08:34','1997-01-12 06:37:58','2021-08-07 21:29:55'),(53,88,1,'2021-08-07 21:08:34','1986-09-29 03:31:30','2021-08-07 21:29:55'),(54,69,1,'2021-08-07 21:08:34','1975-11-19 03:54:22','2021-08-07 21:29:55'),(55,12,3,'2021-08-07 21:08:34','1989-04-05 16:07:05','2021-08-07 21:29:55'),(56,3,2,'2021-08-07 21:08:34','2018-06-20 04:28:06','2021-08-07 21:29:55'),(57,44,3,'2021-08-07 21:08:34','1993-04-05 07:48:16','2021-08-07 21:29:55'),(58,11,2,'2021-08-07 21:08:34','2001-04-27 22:21:10','2021-08-07 21:29:55'),(59,97,2,'2021-08-07 21:08:34','2019-10-01 08:27:32','2021-08-07 21:29:55'),(60,45,3,'2021-08-07 21:08:34','1985-05-22 07:03:28','2021-08-07 21:29:55'),(61,72,1,'2021-08-07 21:08:34','1987-05-18 09:42:40','2021-08-07 21:29:55'),(62,58,2,'2021-08-07 21:08:34','2019-09-05 02:37:54','2021-08-07 21:29:55'),(63,42,3,'2021-08-07 21:08:34','2015-12-01 08:16:46','2021-08-07 21:29:55'),(64,70,1,'2021-08-07 21:08:34','1994-08-04 09:23:04','2021-08-07 21:29:55'),(65,47,3,'2021-08-07 21:08:34','2010-05-17 15:15:22','2021-08-07 21:29:55'),(66,55,3,'2021-08-07 21:08:34','1974-09-12 07:11:56','2021-08-07 21:29:55'),(67,19,2,'2021-08-07 21:08:34','1970-11-17 07:22:01','2021-08-07 21:29:55'),(68,62,1,'2021-08-07 21:08:34','1988-10-20 03:58:20','2021-08-07 21:29:55'),(69,4,2,'2021-08-07 21:08:34','1983-05-01 21:12:17','2021-08-07 21:29:55'),(70,20,3,'2021-08-07 21:08:34','1970-12-17 13:17:55','2021-08-07 21:29:55'),(71,40,3,'2021-08-07 21:08:34','1976-11-19 06:47:06','2021-08-07 21:29:55'),(72,70,2,'2021-08-07 21:08:34','1981-06-16 12:17:37','2021-08-07 21:29:55'),(73,68,3,'2021-08-07 21:08:34','1976-03-04 01:01:09','2021-08-07 21:29:55'),(74,66,1,'2021-08-07 21:08:34','1994-12-12 11:32:51','2021-08-07 21:29:55'),(75,34,2,'2021-08-07 21:08:34','1986-05-17 16:34:53','2021-08-07 21:29:55'),(76,55,1,'2021-08-07 21:08:34','2001-09-03 04:23:06','2021-08-07 21:29:55'),(77,23,2,'2021-08-07 21:08:34','1979-03-18 22:06:51','2021-08-07 21:29:55'),(78,37,1,'2021-08-07 21:08:34','1972-11-02 02:23:09','2021-08-07 21:29:55'),(79,100,3,'2021-08-07 21:08:34','1988-09-09 05:02:14','2021-08-07 21:29:55'),(80,59,1,'2021-08-07 21:08:34','1995-09-02 15:06:58','2021-08-07 21:29:55'),(81,12,1,'2021-08-07 21:08:34','1974-11-30 22:20:48','2021-08-07 21:29:55'),(82,96,2,'2021-08-07 21:08:34','1979-03-09 07:34:09','2021-08-07 21:29:55'),(83,9,2,'2021-08-07 21:08:34','2015-11-28 20:14:53','2021-08-07 21:29:55'),(84,99,3,'2021-08-07 21:08:34','2014-08-08 12:13:59','2021-08-07 21:29:55'),(85,2,1,'2021-08-07 21:08:34','2014-10-25 13:23:54','2021-08-07 21:29:55'),(86,32,2,'2021-08-07 21:08:34','1974-08-17 13:53:17','2021-08-07 21:29:55'),(87,96,2,'2021-08-07 21:08:34','2017-03-18 15:12:34','2021-08-07 21:29:55'),(88,26,2,'2021-08-07 21:08:34','2012-06-18 19:20:49','2021-08-07 21:29:55'),(89,34,2,'2021-08-07 21:08:34','1985-11-05 02:00:14','2021-08-07 21:29:55'),(90,11,1,'2021-08-07 21:08:34','2019-06-10 16:41:56','2021-08-07 21:29:55'),(91,95,3,'2021-08-07 21:08:34','1994-06-05 16:59:33','2021-08-07 21:29:55'),(92,97,3,'2021-08-07 21:08:34','2021-03-21 14:09:14','2021-08-07 21:29:55'),(93,88,2,'2021-08-07 21:08:34','1995-07-26 05:42:06','2021-08-07 21:29:55'),(94,97,1,'2021-08-07 21:08:34','2005-09-26 09:09:41','2021-08-07 21:29:55'),(95,44,2,'2021-08-07 21:08:34','1990-01-28 15:36:12','2021-08-07 21:29:55'),(96,60,3,'2021-08-07 21:08:34','1978-12-11 09:36:55','2021-08-07 21:29:55'),(97,46,3,'2021-08-07 21:08:34','2016-03-28 06:49:29','2021-08-07 21:29:55'),(98,21,3,'2021-08-07 21:08:34','2018-05-02 21:22:36','2021-08-07 21:29:55'),(99,91,3,'2021-08-07 21:08:34','1971-10-18 23:40:37','2021-08-07 21:29:55'),(100,35,1,'2021-08-07 21:08:34','1984-06-17 04:46:01','2021-08-07 21:29:55');
/*!40000 ALTER TABLE `friendship` ENABLE KEYS */;
UNLOCK TABLES;

--
-- Table structure for table `friendship_statuses`
--

DROP TABLE IF EXISTS `friendship_statuses`;
/*!40101 SET @saved_cs_client     = @@character_set_client */;
/*!40101 SET character_set_client = utf8 */;
CREATE TABLE `friendship_statuses` (
  `id` int(10) unsigned NOT NULL AUTO_INCREMENT COMMENT 'Идентификатор строки',
  `name` varchar(150) COLLATE utf8mb4_unicode_ci NOT NULL COMMENT 'Название статуса',
  `created_at` datetime DEFAULT CURRENT_TIMESTAMP COMMENT 'Время создания строки',
  `updated_at` datetime DEFAULT CURRENT_TIMESTAMP ON UPDATE CURRENT_TIMESTAMP COMMENT 'Время обновления строки',
  PRIMARY KEY (`id`),
  UNIQUE KEY `name` (`name`)
) ENGINE=InnoDB AUTO_INCREMENT=4 DEFAULT CHARSET=utf8mb4 COLLATE=utf8mb4_unicode_ci COMMENT='Статусы дружбы';
/*!40101 SET character_set_client = @saved_cs_client */;

--
-- Dumping data for table `friendship_statuses`
--

LOCK TABLES `friendship_statuses` WRITE;
/*!40000 ALTER TABLE `friendship_statuses` DISABLE KEYS */;
INSERT INTO `friendship_statuses` VALUES (1,'Requested','2021-08-07 21:30:13','2021-08-07 21:30:13'),(2,'Confirmed','2021-08-07 21:30:13','2021-08-07 21:30:13'),(3,'Rejected','2021-08-07 21:30:13','2021-08-07 21:30:13');
/*!40000 ALTER TABLE `friendship_statuses` ENABLE KEYS */;
UNLOCK TABLES;

--
-- Table structure for table `media`
--

DROP TABLE IF EXISTS `media`;
/*!40101 SET @saved_cs_client     = @@character_set_client */;
/*!40101 SET character_set_client = utf8 */;
CREATE TABLE `media` (
  `id` int(10) unsigned NOT NULL AUTO_INCREMENT COMMENT 'Идентификатор строки',
  `user_id` int(10) unsigned NOT NULL COMMENT 'Ссылка на пользователя, который загрузил файл',
  `filename` varchar(255) COLLATE utf8mb4_unicode_ci NOT NULL COMMENT 'Путь к файлу',
  `size` int(11) NOT NULL COMMENT 'Размер файла',
  `metadata` json DEFAULT NULL,
  `media_type_id` int(10) unsigned NOT NULL COMMENT 'Ссылка на тип контента',
  `created_at` datetime DEFAULT CURRENT_TIMESTAMP COMMENT 'Время создания строки',
  `updated_at` datetime DEFAULT CURRENT_TIMESTAMP ON UPDATE CURRENT_TIMESTAMP COMMENT 'Время обновления строки',
  PRIMARY KEY (`id`)
) ENGINE=InnoDB AUTO_INCREMENT=101 DEFAULT CHARSET=utf8mb4 COLLATE=utf8mb4_unicode_ci COMMENT='Медиафайлы';
/*!40101 SET character_set_client = @saved_cs_client */;

--
-- Dumping data for table `media`
--

LOCK TABLES `media` WRITE;
/*!40000 ALTER TABLE `media` DISABLE KEYS */;
INSERT INTO `media` VALUES (1,62,'https://dropbox.net/vk/animi.png',737784613,'{\"owner\": \"Tyrel Murphy PhD Berge\"}',2,'2006-07-28 15:49:25','2021-08-07 21:27:08'),(2,85,'https://dropbox.net/vk/sed.mp4',9655,'{\"owner\": \"Prof. Sarina Farrell Nikolaus\"}',1,'2005-02-28 11:53:16','2021-08-07 21:27:08'),(3,48,'https://dropbox.net/vk/amet.jpeg',0,'{\"owner\": \"Rosendo Abshire Larson\"}',3,'2012-10-01 05:23:34','2021-08-07 21:27:08'),(4,48,'https://dropbox.net/vk/dignissimos.png',739458056,'{\"owner\": \"Friedrich Swaniawski West\"}',1,'1993-04-02 09:56:22','2021-08-07 21:27:08'),(5,78,'https://dropbox.net/vk/sed.png',312823438,'{\"owner\": \"Keely Fahey Barton\"}',3,'2012-03-07 11:35:20','2021-08-07 21:27:08'),(6,41,'https://dropbox.net/vk/autem.avi',3657,'{\"owner\": \"Mr. Terry Kulas DVM Glover\"}',3,'2005-04-11 15:32:28','2021-08-07 21:27:08'),(7,65,'https://dropbox.net/vk/ut.mp3',0,'{\"owner\": \"Beulah Lueilwitz Wiza\"}',3,'2009-10-28 03:24:37','2021-08-07 21:27:08'),(8,67,'https://dropbox.net/vk/impedit.mp3',27,'{\"owner\": \"Tyrel Murphy PhD Berge\"}',2,'2018-10-26 13:22:36','2021-08-07 21:27:08'),(9,88,'https://dropbox.net/vk/cumque.mp3',4260340,'{\"owner\": \"Jakob Weber King\"}',2,'1977-03-31 14:11:07','2021-08-07 21:27:08'),(10,70,'https://dropbox.net/vk/qui.png',8707,'{\"owner\": \"Dr. Deontae Feest Hintz\"}',2,'2013-10-18 19:34:51','2021-08-07 21:27:08'),(11,23,'https://dropbox.net/vk/placeat.mp3',3813,'{\"owner\": \"Ricky Gerlach Bruen\"}',3,'1997-05-09 04:41:04','2021-08-07 21:27:08'),(12,99,'https://dropbox.net/vk/rerum.jpeg',35,'{\"owner\": \"Mrs. Kianna Schowalter II McClure\"}',3,'2010-02-03 14:37:42','2021-08-07 21:27:08'),(13,65,'https://dropbox.net/vk/necessitatibus.png',43834,'{\"owner\": \"Domenico Watsica I Moen\"}',1,'2019-08-22 10:27:43','2021-08-07 21:27:08'),(14,50,'https://dropbox.net/vk/nemo.avi',0,'{\"owner\": \"Mrs. Ila Emmerich Bins\"}',1,'1995-12-08 10:01:51','2021-08-07 21:27:08'),(15,52,'https://dropbox.net/vk/illum.avi',658813562,'{\"owner\": \"Mathias Reilly Gutkowski\"}',1,'2004-01-29 03:37:01','2021-08-07 21:27:08'),(16,45,'https://dropbox.net/vk/blanditiis.mp3',108247,'{\"owner\": \"Mrs. Winnifred Boyle Bechtelar\"}',1,'2008-05-03 15:08:44','2021-08-07 21:27:08'),(17,78,'https://dropbox.net/vk/incidunt.mp4',4160064,'{\"owner\": \"Alfred Strosin Rogahn\"}',1,'1991-04-22 08:26:20','2021-08-07 21:27:08'),(18,66,'https://dropbox.net/vk/magnam.jpeg',354413689,'{\"owner\": \"Beulah Lueilwitz Wiza\"}',3,'1987-08-29 22:35:34','2021-08-07 21:27:08'),(19,49,'https://dropbox.net/vk/autem.png',75,'{\"owner\": \"Liliana Bogan Hermann\"}',2,'2015-08-21 01:51:29','2021-08-07 21:27:08'),(20,28,'https://dropbox.net/vk/consequatur.avi',0,'{\"owner\": \"Mrs. Ila Emmerich Bins\"}',1,'1973-12-29 01:31:16','2021-08-07 21:27:08'),(21,81,'https://dropbox.net/vk/provident.mp4',778,'{\"owner\": \"Jordan Koss Sporer\"}',1,'1998-10-27 02:44:11','2021-08-07 21:27:08'),(22,79,'https://dropbox.net/vk/sit.png',154233,'{\"owner\": \"Magdalena Leuschke Rau\"}',3,'1975-09-22 08:03:14','2021-08-07 21:27:08'),(23,70,'https://dropbox.net/vk/excepturi.mp3',75397,'{\"owner\": \"Brett Littel Boyle\"}',1,'2012-04-11 07:50:21','2021-08-07 21:27:08'),(24,21,'https://dropbox.net/vk/et.mp3',84,'{\"owner\": \"Retha Ferry Boyle\"}',3,'2019-07-08 10:00:59','2021-08-07 21:27:08'),(25,53,'https://dropbox.net/vk/ut.jpeg',10028,'{\"owner\": \"Retha Ferry Boyle\"}',1,'2020-07-28 08:30:59','2021-08-07 21:27:08'),(26,9,'https://dropbox.net/vk/non.mp4',5,'{\"owner\": \"Jakob Weber King\"}',1,'2011-06-12 21:27:30','2021-08-07 21:27:08'),(27,90,'https://dropbox.net/vk/veritatis.png',84186,'{\"owner\": \"Trey Ondricka Lebsack\"}',2,'1987-03-13 16:22:58','2021-08-07 21:27:08'),(28,25,'https://dropbox.net/vk/omnis.avi',786980,'{\"owner\": \"Prof. Sarina Farrell Nikolaus\"}',1,'2010-09-24 04:30:14','2021-08-07 21:27:08'),(29,68,'https://dropbox.net/vk/incidunt.mp4',582387330,'{\"owner\": \"Rosendo Abshire Larson\"}',1,'2000-05-05 07:38:39','2021-08-07 21:27:08'),(30,61,'https://dropbox.net/vk/aspernatur.avi',203324556,'{\"owner\": \"Jessy Waters Cremin\"}',2,'1987-12-12 01:24:01','2021-08-07 21:27:08'),(31,44,'https://dropbox.net/vk/earum.mp4',6479,'{\"owner\": \"Eleazar Tremblay Denesik\"}',1,'1983-09-02 11:43:12','2021-08-07 21:27:08'),(32,86,'https://dropbox.net/vk/sit.mp4',840120613,'{\"owner\": \"Elody Hilpert Davis\"}',2,'1985-08-01 16:16:28','2021-08-07 21:27:08'),(33,28,'https://dropbox.net/vk/consequatur.avi',65354,'{\"owner\": \"Mr. Branson Huel Torphy\"}',3,'1990-08-12 12:53:52','2021-08-07 21:27:08'),(34,62,'https://dropbox.net/vk/reiciendis.jpeg',943664,'{\"owner\": \"Jordan Koss Sporer\"}',1,'1981-04-27 03:27:19','2021-08-07 21:27:08'),(35,24,'https://dropbox.net/vk/consequatur.mp3',0,'{\"owner\": \"Mrs. Ila Emmerich Bins\"}',1,'2000-10-06 05:18:31','2021-08-07 21:27:08'),(36,100,'https://dropbox.net/vk/et.png',4862546,'{\"owner\": \"Prof. Rashad Johnston Grant\"}',2,'1983-06-29 07:55:09','2021-08-07 21:27:08'),(37,73,'https://dropbox.net/vk/qui.mp4',78,'{\"owner\": \"Magdalena Leuschke Rau\"}',1,'1971-10-17 22:51:34','2021-08-07 21:27:08'),(38,85,'https://dropbox.net/vk/delectus.mp4',535286,'{\"owner\": \"Mrs. Emmalee Hahn Ryan\"}',1,'2003-03-26 11:34:17','2021-08-07 21:27:08'),(39,44,'https://dropbox.net/vk/dolore.png',23,'{\"owner\": \"Ceasar Fahey Wisozk\"}',2,'2015-02-14 07:46:30','2021-08-07 21:27:08'),(40,65,'https://dropbox.net/vk/et.mp3',834,'{\"owner\": \"Mr. Emerald West Jr. Ondricka\"}',2,'2018-07-15 14:47:48','2021-08-07 21:27:08'),(41,45,'https://dropbox.net/vk/quibusdam.png',9151358,'{\"owner\": \"Mortimer Welch DDS Ferry\"}',3,'1994-03-22 15:28:51','2021-08-07 21:27:08'),(42,58,'https://dropbox.net/vk/voluptatibus.mp3',0,'{\"owner\": \"Dr. Elisha Spinka Kunze\"}',2,'2016-06-29 07:29:56','2021-08-07 21:27:08'),(43,95,'https://dropbox.net/vk/accusamus.jpeg',18419,'{\"owner\": \"Dr. Hallie Conn Klein\"}',1,'1976-05-09 21:15:44','2021-08-07 21:27:08'),(44,86,'https://dropbox.net/vk/labore.jpeg',694,'{\"owner\": \"Ceasar Fahey Wisozk\"}',3,'1990-06-09 02:17:49','2021-08-07 21:27:08'),(45,73,'https://dropbox.net/vk/velit.avi',909,'{\"owner\": \"Dr. Chris Beatty Leannon\"}',1,'1970-01-04 09:04:47','2021-08-07 21:27:08'),(46,11,'https://dropbox.net/vk/est.mp4',687391,'{\"owner\": \"Dr. Esteban Gutkowski Wehner\"}',2,'1997-02-16 12:47:03','2021-08-07 21:27:08'),(47,46,'https://dropbox.net/vk/at.png',653,'{\"owner\": \"Dandre Volkman Schmidt\"}',1,'1999-06-02 01:44:16','2021-08-07 21:27:08'),(48,63,'https://dropbox.net/vk/voluptate.avi',6705,'{\"owner\": \"Armani Jacobi Roob\"}',2,'1976-10-10 21:34:17','2021-08-07 21:27:08'),(49,90,'https://dropbox.net/vk/nesciunt.avi',4003,'{\"owner\": \"Magdalena Heathcote MD Graham\"}',3,'1988-07-02 01:36:15','2021-08-07 21:27:08'),(50,39,'https://dropbox.net/vk/voluptatem.mp3',2571,'{\"owner\": \"Mr. Emerald West Jr. Ondricka\"}',2,'1970-08-20 11:47:10','2021-08-07 21:27:08'),(51,26,'https://dropbox.net/vk/qui.jpeg',569359303,'{\"owner\": \"Mr. Emerald West Jr. Ondricka\"}',3,'1992-02-27 17:52:40','2021-08-07 21:27:08'),(52,42,'https://dropbox.net/vk/quos.mp4',8,'{\"owner\": \"Zola Hills Haley\"}',2,'1975-05-19 16:01:59','2021-08-07 21:27:08'),(53,60,'https://dropbox.net/vk/aut.mp3',869503,'{\"owner\": \"Tyrel Murphy PhD Berge\"}',1,'2009-02-03 20:53:12','2021-08-07 21:27:08'),(54,61,'https://dropbox.net/vk/dolorum.jpeg',98,'{\"owner\": \"Alfred Strosin Rogahn\"}',1,'2012-03-19 23:42:32','2021-08-07 21:27:08'),(55,9,'https://dropbox.net/vk/nihil.png',2,'{\"owner\": \"Dr. Jayme Kulas Feest\"}',3,'1992-07-28 20:13:57','2021-08-07 21:27:08'),(56,24,'https://dropbox.net/vk/mollitia.jpeg',5,'{\"owner\": \"Esta Mills Fadel\"}',2,'1980-11-16 02:43:45','2021-08-07 21:27:08'),(57,70,'https://dropbox.net/vk/tempore.mp3',45,'{\"owner\": \"Laura Emmerich Becker\"}',1,'2007-07-07 10:58:28','2021-08-07 21:27:08'),(58,4,'https://dropbox.net/vk/nisi.png',0,'{\"owner\": \"Dr. Catherine Kreiger II Steuber\"}',1,'1986-06-19 12:35:23','2021-08-07 21:27:08'),(59,41,'https://dropbox.net/vk/qui.jpeg',17612,'{\"owner\": \"Cullen Hoppe Jr. Ortiz\"}',3,'2015-11-29 20:21:34','2021-08-07 21:27:08'),(60,34,'https://dropbox.net/vk/tempore.mp4',434945,'{\"owner\": \"Laura Emmerich Becker\"}',2,'1989-12-27 10:59:28','2021-08-07 21:27:08'),(61,83,'https://dropbox.net/vk/quis.png',750595,'{\"owner\": \"Ricky Gerlach Bruen\"}',2,'1999-08-14 21:14:39','2021-08-07 21:27:08'),(62,65,'https://dropbox.net/vk/earum.mp4',48408519,'{\"owner\": \"Gussie Batz Davis\"}',3,'1995-12-28 10:21:24','2021-08-07 21:27:08'),(63,82,'https://dropbox.net/vk/ut.jpeg',19,'{\"owner\": \"Duncan Ritchie Borer\"}',1,'1999-03-25 15:45:06','2021-08-07 21:27:08'),(64,78,'https://dropbox.net/vk/animi.png',307872,'{\"owner\": \"Esta Mills Fadel\"}',1,'1978-04-12 02:36:51','2021-08-07 21:27:08'),(65,30,'https://dropbox.net/vk/neque.mp4',6013,'{\"owner\": \"Stewart Baumbach Sr. Medhurst\"}',1,'2010-03-18 12:25:48','2021-08-07 21:27:08'),(66,60,'https://dropbox.net/vk/natus.mp3',78162,'{\"owner\": \"Dr. Dwight Strosin II Frami\"}',3,'1988-01-19 07:58:08','2021-08-07 21:27:08'),(67,67,'https://dropbox.net/vk/non.mp3',9815104,'{\"owner\": \"Otha Schulist Stamm\"}',1,'1991-10-25 19:29:36','2021-08-07 21:27:08'),(68,37,'https://dropbox.net/vk/ad.mp3',15,'{\"owner\": \"Kaylie Muller Larson\"}',3,'1997-01-02 17:51:27','2021-08-07 21:27:08'),(69,90,'https://dropbox.net/vk/itaque.mp3',265280,'{\"owner\": \"Liliana Kerluke Harber\"}',2,'1986-10-09 03:52:16','2021-08-07 21:27:08'),(70,71,'https://dropbox.net/vk/suscipit.png',0,'{\"owner\": \"Alisha Greenfelder Hegmann\"}',1,'2000-02-22 10:35:07','2021-08-07 21:27:08'),(71,37,'https://dropbox.net/vk/dolores.png',8561,'{\"owner\": \"Abbey Stamm PhD Rice\"}',2,'1984-02-26 13:25:38','2021-08-07 21:27:08'),(72,52,'https://dropbox.net/vk/id.avi',5,'{\"owner\": \"Prof. Roxane Willms Nicolas\"}',1,'2000-10-27 01:07:43','2021-08-07 21:27:08'),(73,57,'https://dropbox.net/vk/illum.png',724104,'{\"owner\": \"Mable Moore PhD Grady\"}',3,'1990-08-17 00:59:11','2021-08-07 21:27:08'),(74,2,'https://dropbox.net/vk/voluptates.mp3',595,'{\"owner\": \"Rosendo Abshire Larson\"}',3,'2012-05-08 13:50:04','2021-08-07 21:27:08'),(75,22,'https://dropbox.net/vk/ab.mp3',34,'{\"owner\": \"Sharon Erdman Schmitt\"}',2,'1983-08-07 18:20:49','2021-08-07 21:27:08'),(76,97,'https://dropbox.net/vk/eveniet.png',1,'{\"owner\": \"Stewart Baumbach Sr. Medhurst\"}',1,'2012-08-02 20:47:05','2021-08-07 21:27:08'),(77,31,'https://dropbox.net/vk/doloremque.png',1,'{\"owner\": \"Stewart Baumbach Sr. Medhurst\"}',3,'2012-08-25 17:58:15','2021-08-07 21:27:08'),(78,16,'https://dropbox.net/vk/voluptatem.mp3',1,'{\"owner\": \"Alessandra Schaden Cassin\"}',2,'1998-08-14 09:01:57','2021-08-07 21:27:08'),(79,28,'https://dropbox.net/vk/et.mp3',870866,'{\"owner\": \"Mable Moore PhD Grady\"}',1,'1974-05-29 08:31:04','2021-08-07 21:27:08'),(80,80,'https://dropbox.net/vk/recusandae.jpeg',10698984,'{\"owner\": \"Abbey Stamm PhD Rice\"}',1,'1980-06-25 11:40:02','2021-08-07 21:27:08'),(81,72,'https://dropbox.net/vk/deserunt.mp3',0,'{\"owner\": \"Stewart Baumbach Sr. Medhurst\"}',2,'2008-07-09 17:58:17','2021-08-07 21:27:08'),(82,36,'https://dropbox.net/vk/libero.mp3',362870,'{\"owner\": \"Emerson Dach Kihn\"}',1,'1971-02-21 07:49:25','2021-08-07 21:27:08'),(83,39,'https://dropbox.net/vk/autem.mp3',15494462,'{\"owner\": \"Prof. Roxane Willms Nicolas\"}',1,'1982-07-10 14:30:14','2021-08-07 21:27:08'),(84,15,'https://dropbox.net/vk/quod.mp3',71,'{\"owner\": \"Dr. Dwight Strosin II Frami\"}',2,'1995-05-03 23:15:43','2021-08-07 21:27:08'),(85,32,'https://dropbox.net/vk/eaque.mp3',342252291,'{\"owner\": \"Letitia Zulauf Batz\"}',3,'2017-11-04 11:39:37','2021-08-07 21:27:08'),(86,74,'https://dropbox.net/vk/et.mp3',1033082,'{\"owner\": \"Mr. Terry Kulas DVM Glover\"}',3,'1977-07-26 04:42:40','2021-08-07 21:27:08'),(87,7,'https://dropbox.net/vk/et.mp4',1750,'{\"owner\": \"Zola Hills Haley\"}',3,'1974-02-15 12:59:43','2021-08-07 21:27:08'),(88,68,'https://dropbox.net/vk/consectetur.png',0,'{\"owner\": \"Gussie Batz Davis\"}',1,'2009-01-12 04:15:28','2021-08-07 21:27:08'),(89,30,'https://dropbox.net/vk/aspernatur.png',793426127,'{\"owner\": \"Keely Fahey Barton\"}',1,'2005-04-20 11:43:45','2021-08-07 21:27:08'),(90,58,'https://dropbox.net/vk/enim.png',454999,'{\"owner\": \"Letitia Zulauf Batz\"}',1,'1988-07-04 18:40:15','2021-08-07 21:27:08'),(91,30,'https://dropbox.net/vk/cum.jpeg',5249193,'{\"owner\": \"Dr. Esteban Gutkowski Wehner\"}',2,'1997-02-15 07:43:40','2021-08-07 21:27:08'),(92,40,'https://dropbox.net/vk/quia.mp4',9606,'{\"owner\": \"Brown Willms IV O\'Hara\"}',2,'1970-11-18 07:13:17','2021-08-07 21:27:08'),(93,77,'https://dropbox.net/vk/et.avi',0,'{\"owner\": \"Mrs. Emmalee Hahn Ryan\"}',1,'1999-08-27 13:33:01','2021-08-07 21:27:08'),(94,2,'https://dropbox.net/vk/tempora.png',3139,'{\"owner\": \"Trey Ondricka Lebsack\"}',3,'1979-06-30 21:23:41','2021-08-07 21:27:08'),(95,34,'https://dropbox.net/vk/iure.avi',5,'{\"owner\": \"Cullen Hoppe Jr. Ortiz\"}',1,'1971-07-14 10:29:17','2021-08-07 21:27:08'),(96,32,'https://dropbox.net/vk/illum.mp4',8,'{\"owner\": \"Liliana Bogan Hermann\"}',2,'1986-09-03 23:30:00','2021-08-07 21:27:08'),(97,4,'https://dropbox.net/vk/dolor.mp4',90693458,'{\"owner\": \"Prof. Rashad Johnston Grant\"}',3,'1973-05-02 21:46:05','2021-08-07 21:27:08'),(98,77,'https://dropbox.net/vk/quod.avi',72,'{\"owner\": \"Dr. Jayme Kulas Feest\"}',3,'2000-02-22 11:15:01','2021-08-07 21:27:08'),(99,30,'https://dropbox.net/vk/assumenda.avi',0,'{\"owner\": \"Dr. Deontae Feest Hintz\"}',3,'2005-11-05 12:59:11','2021-08-07 21:27:08'),(100,76,'https://dropbox.net/vk/velit.mp4',57268,'{\"owner\": \"Eve Goodwin Runolfsdottir\"}',2,'1995-10-12 11:06:57','2021-08-07 21:27:08');
/*!40000 ALTER TABLE `media` ENABLE KEYS */;
UNLOCK TABLES;

--
-- Table structure for table `media_types`
--

DROP TABLE IF EXISTS `media_types`;
/*!40101 SET @saved_cs_client     = @@character_set_client */;
/*!40101 SET character_set_client = utf8 */;
CREATE TABLE `media_types` (
  `id` int(10) unsigned NOT NULL AUTO_INCREMENT COMMENT 'Идентификатор строки',
  `name` varchar(255) COLLATE utf8mb4_unicode_ci NOT NULL COMMENT 'Название типа',
  `created_at` datetime DEFAULT CURRENT_TIMESTAMP COMMENT 'Время создания строки',
  `updated_at` datetime DEFAULT CURRENT_TIMESTAMP ON UPDATE CURRENT_TIMESTAMP COMMENT 'Время обновления строки',
  PRIMARY KEY (`id`),
  UNIQUE KEY `name` (`name`)
) ENGINE=InnoDB AUTO_INCREMENT=4 DEFAULT CHARSET=utf8mb4 COLLATE=utf8mb4_unicode_ci COMMENT='Типы медиафайлов';
/*!40101 SET character_set_client = @saved_cs_client */;

--
-- Dumping data for table `media_types`
--

LOCK TABLES `media_types` WRITE;
/*!40000 ALTER TABLE `media_types` DISABLE KEYS */;
INSERT INTO `media_types` VALUES (1,'photo','2021-08-07 21:28:23','2021-08-07 21:28:23'),(2,'video','2021-08-07 21:28:23','2021-08-07 21:28:23'),(3,'audio','2021-08-07 21:28:23','2021-08-07 21:28:23');
/*!40000 ALTER TABLE `media_types` ENABLE KEYS */;
UNLOCK TABLES;

--
-- Table structure for table `messages`
--

DROP TABLE IF EXISTS `messages`;
/*!40101 SET @saved_cs_client     = @@character_set_client */;
/*!40101 SET character_set_client = utf8 */;
CREATE TABLE `messages` (
  `id` int(10) unsigned NOT NULL AUTO_INCREMENT COMMENT 'Идентификатор строки',
  `from_user_id` int(10) unsigned NOT NULL COMMENT 'Ссылка на отправителя сообщения',
  `to_user_id` int(10) unsigned NOT NULL COMMENT 'Ссылка на получателя сообщения',
  `body` text COLLATE utf8mb4_unicode_ci NOT NULL COMMENT 'Текст сообщения',
  `is_important` tinyint(1) DEFAULT NULL COMMENT 'Признак важности',
  `is_delivered` tinyint(1) DEFAULT NULL COMMENT 'Признак доставки',
  `created_at` datetime DEFAULT CURRENT_TIMESTAMP COMMENT 'Время создания строки',
  PRIMARY KEY (`id`)
) ENGINE=InnoDB AUTO_INCREMENT=101 DEFAULT CHARSET=utf8mb4 COLLATE=utf8mb4_unicode_ci COMMENT='Сообщения';
/*!40101 SET character_set_client = @saved_cs_client */;

--
-- Dumping data for table `messages`
--

LOCK TABLES `messages` WRITE;
/*!40000 ALTER TABLE `messages` DISABLE KEYS */;
INSERT INTO `messages` VALUES (1,72,80,'Impedit architecto vitae sunt omnis ut sit. Qui voluptate et sunt. Aperiam id exercitationem quos in eaque inventore eum. Aperiam ab veritatis consequuntur et repudiandae officia.',1,1,'2002-09-22 09:40:45'),(2,84,79,'Et qui ea maxime dolorem praesentium non cupiditate. Ut architecto odio quo non labore sunt. Qui quisquam sit eius est quos.',1,0,'1978-09-09 05:10:33'),(3,43,79,'Necessitatibus aut omnis ad cumque quia. Cumque est at quis rem ex. Aliquam dolores inventore omnis inventore et corrupti necessitatibus.',1,1,'1999-11-27 22:09:41'),(4,63,80,'Nulla est necessitatibus excepturi voluptatem consectetur quo. Voluptas ullam commodi recusandae sed. Hic a provident accusantium.',1,0,'2015-12-01 23:01:27'),(5,8,99,'Esse rerum corrupti aut eos et labore rerum id. Laudantium dolorum consectetur rerum omnis delectus dolore tempora ad. Accusamus deleniti fugiat at quia suscipit architecto tenetur. Id unde magni aliquam recusandae rerum eveniet.',0,1,'2011-01-29 03:40:34'),(6,73,65,'Velit facere nulla eos asperiores. Eum distinctio aliquam nihil rem qui. Corporis minima dolor molestias. Consequuntur ex nemo dignissimos consequatur consequatur culpa.',1,1,'1976-06-25 19:46:56'),(7,8,45,'Qui adipisci praesentium unde distinctio dolor maiores et. Suscipit enim cupiditate at. Est eligendi qui ad ut.',0,1,'2012-01-09 03:10:28'),(8,100,65,'Esse cumque eaque illum molestiae saepe et vel. Quaerat harum a et vero odio. Nihil quaerat eligendi ex cumque quod suscipit voluptatum esse.',0,1,'1993-11-30 11:43:32'),(9,25,27,'Omnis vitae quasi velit pariatur distinctio. Et nesciunt quas nobis ea ducimus. Et reprehenderit voluptate libero possimus harum consequatur ut.',1,1,'2014-04-23 12:58:34'),(10,62,26,'Temporibus dolores ut et. Voluptatem soluta necessitatibus voluptatem ut aliquid est molestias. Eum aut sapiente minus sunt repellendus aliquid aliquid vero. Assumenda veritatis neque nihil.',0,0,'1976-05-07 06:11:02'),(11,46,49,'Expedita ut ipsum ipsa delectus animi laborum et. Ipsam ex voluptatem error dolor. Est voluptatem ut dignissimos.',0,1,'1972-11-18 06:15:04'),(12,9,97,'Eius asperiores nostrum quisquam quia laborum ipsam eos. Vero vel sed ut. Molestias placeat impedit vel cum. Nihil impedit modi in aut ipsum earum hic.',1,0,'2009-10-24 13:08:55'),(13,59,1,'Magnam soluta voluptatem voluptatum amet quia impedit. Accusantium consequatur et expedita. Et fuga beatae nostrum voluptatem nihil quo consequuntur.',0,1,'2002-12-05 00:20:32'),(14,29,40,'Nihil suscipit et velit autem. Enim temporibus nam quibusdam ea sint et iusto. Sequi ut dignissimos sint nobis minus. Cumque quae dolorem voluptas alias dolorem ut quia qui.',1,1,'1992-08-31 05:26:48'),(15,14,49,'Rem non enim iusto et aliquid. Facere deserunt error placeat aperiam nisi fuga dolores. Sapiente nihil dolor beatae.',0,0,'1981-11-05 22:20:01'),(16,100,56,'Esse corporis occaecati architecto dolores commodi quia quod. Aut et et maxime.',0,1,'1979-01-28 06:26:38'),(17,78,20,'Doloremque amet facilis et suscipit architecto cupiditate consectetur. Vel rem ut doloribus omnis provident. Nobis molestias nisi eum corporis.',0,1,'1995-06-21 17:01:08'),(18,68,79,'Eaque consequatur sapiente et itaque ad atque voluptatibus sed. Deserunt enim eligendi exercitationem voluptas omnis quo. Rem odit eos ut sed voluptas excepturi est. Error unde omnis vero eum.',1,0,'2007-09-18 04:13:51'),(19,90,12,'Consectetur hic qui eius placeat architecto. Voluptatem dolore rerum quis fuga. Dolorem libero exercitationem recusandae debitis est soluta harum accusamus. Doloribus blanditiis nemo tempore culpa qui non totam.',1,0,'2008-01-17 08:04:51'),(20,88,6,'Vel ut nam placeat quidem inventore numquam natus. Eligendi omnis labore rerum quia sunt et. Incidunt quam reiciendis iure nihil rerum veritatis.',1,1,'2004-08-22 03:32:29'),(21,63,97,'Quae molestiae consequatur error ut. Et quo aliquid aut reprehenderit beatae. Fugiat distinctio explicabo temporibus.',0,0,'2012-07-10 02:31:46'),(22,96,89,'Omnis nam nemo eos harum qui omnis. Ex eum natus quam harum omnis. Molestiae et nostrum perferendis. Odio earum consequatur voluptate facere sint.',0,1,'1978-03-10 22:18:59'),(23,55,7,'Cupiditate dolorum accusantium cumque omnis. Minus ut veniam rem est aut alias. Et repellat saepe omnis corporis sed. Quod voluptatem quisquam adipisci et.',0,1,'1985-07-03 08:30:49'),(24,69,23,'Voluptatem hic cumque impedit unde esse officiis non. Temporibus voluptatum et soluta tempore eos tempora corrupti. Architecto quia quia autem similique maxime quas qui.',1,1,'2007-10-26 04:38:08'),(25,8,70,'Natus hic omnis quia dolorem. Deserunt qui eligendi quo eum voluptas molestiae esse earum. Cumque consequuntur nemo repellendus inventore aut. Quo natus quia iure autem aut.',1,0,'1979-09-03 07:40:52'),(26,27,23,'Animi omnis fugiat vel reiciendis neque exercitationem. Tempora iure voluptas aperiam et eius sunt. Dignissimos ex est tempora maiores occaecati.',1,0,'1997-03-23 17:34:11'),(27,33,96,'Qui velit iure dolor ut voluptatem accusantium consequatur. Ut quod vel labore velit. Recusandae blanditiis cupiditate alias sunt. Suscipit culpa mollitia culpa ducimus laborum molestiae. Incidunt ducimus excepturi alias ut est.',1,0,'2011-08-21 08:22:08'),(28,81,15,'Quisquam quia placeat ad eveniet et dolore. Temporibus labore et dolores ipsum delectus quis. Atque sit est non et. Aliquid eum dolorem esse corrupti.',0,1,'1981-04-29 17:23:35'),(29,32,16,'Accusamus ipsum similique est assumenda eligendi repellendus vel. Modi minus iste ullam quo non est. Eos vero enim consectetur eaque est. Consequatur quaerat et non molestiae optio.',1,1,'2002-02-22 21:58:52'),(30,82,63,'Dolorum soluta qui beatae voluptatem ipsum amet quis sunt. Animi tenetur quia quos recusandae similique. Et consequuntur quos corrupti eos explicabo recusandae at. Sunt adipisci fugiat ducimus sed expedita hic.',0,0,'2006-10-19 23:48:58'),(31,66,40,'Numquam et doloremque atque est aut enim aut sit. Quis qui hic voluptate nesciunt eius et et rerum. Optio iure delectus voluptas alias debitis vitae molestiae qui. Porro dolore architecto omnis minus voluptates placeat et.',1,1,'1976-01-20 19:43:13'),(32,4,100,'Doloribus incidunt sint ducimus aut et quam quibusdam eius. Minima quos recusandae quaerat nobis cupiditate qui autem. Ut quo nihil atque vel harum.',0,0,'1989-01-23 06:16:28'),(33,87,36,'Reiciendis saepe qui at deserunt accusamus delectus natus. Officia ut rerum perferendis. Quis ratione asperiores ipsum dignissimos quia temporibus.',1,0,'2008-04-23 09:56:37'),(34,15,69,'Non dolorem nulla est iusto exercitationem quia. Quibusdam a non aut eaque eius sunt itaque. Dolores quia ab autem quasi fuga maiores dolor. Et sapiente nihil eos quos nobis at vero et.',0,0,'1970-06-07 20:38:16'),(35,97,80,'Nesciunt veniam officiis est est temporibus omnis aut. Vel architecto saepe id ipsum asperiores est amet. Quidem dolores explicabo et occaecati voluptatem. Optio eveniet hic tempora sit veniam tempore maxime.',1,1,'2003-08-07 13:38:05'),(36,8,1,'Sit consequatur quis blanditiis voluptas et rem amet repellat. Illo eligendi dicta similique sunt nostrum sunt voluptatem aut. Sunt voluptatem iusto nihil quo. Ex recusandae dolor quo perspiciatis.',0,1,'1974-12-09 06:37:49'),(37,81,100,'Harum quia numquam aspernatur. Omnis ratione deserunt voluptatem ea eos adipisci necessitatibus. Atque et corporis est. Et hic officiis numquam numquam molestiae tenetur. Mollitia a eos facilis qui voluptates consequatur.',1,0,'1995-02-20 02:28:14'),(38,55,75,'Eligendi ipsa et vel. Eveniet accusamus libero eos porro tempora eaque amet vel. In explicabo ducimus itaque amet ipsa.',0,0,'2011-10-19 17:14:10'),(39,12,33,'Facilis a mollitia fuga. Voluptas libero provident repellendus blanditiis labore tenetur quibusdam suscipit. Corporis natus unde laudantium voluptate.',0,0,'1974-01-27 13:13:21'),(40,27,37,'Quasi consequuntur ab officiis quia qui cum. Eligendi perspiciatis ut temporibus id. Vero accusamus nobis ipsum assumenda enim voluptatem harum perspiciatis. Expedita nisi deserunt nostrum est blanditiis enim.',1,0,'2001-04-30 12:34:53'),(41,4,10,'Sint eius provident ipsa. Ab officiis libero enim laboriosam. Accusamus eaque quo hic. Recusandae similique est ducimus aperiam nesciunt labore.',1,0,'2000-01-03 00:47:09'),(42,36,49,'Nemo tenetur odio dolorum sit. Dolores illum eos mollitia est eius non corporis ullam. Facere voluptatem ab delectus aspernatur velit. Accusamus totam ducimus reprehenderit. Iste tempore voluptate et temporibus.',1,0,'2015-04-01 03:45:59'),(43,39,45,'Iste excepturi in sed facere laudantium ut animi eos. Hic quidem consequatur eaque minus. Quia voluptas ea quis asperiores. Deserunt et recusandae consequatur id sed.',0,0,'1983-05-23 07:26:32'),(44,8,5,'Dolorem atque sunt voluptatem quia et aspernatur et. Natus illum quis et quasi perferendis. Dolorem aut minus dignissimos modi qui dolor. Animi animi totam et doloribus est eius tempore. Rerum vel labore ea vitae repellat.',0,0,'1975-09-27 01:53:21'),(45,100,85,'Modi ut distinctio similique est eveniet quod enim. Tempora modi magnam enim cum voluptate omnis iusto. Nam est et cumque velit. Esse velit quo libero voluptatum. Totam quaerat error rerum voluptatibus.',0,1,'1973-02-11 08:07:48'),(46,23,59,'Fugiat ut autem dicta. Qui aut ut sequi odit. Est fugit rerum est vel voluptatem. Minima in et inventore asperiores.',0,1,'1991-09-09 04:00:56'),(47,28,59,'Facere ab id placeat et veniam nesciunt. Totam ea sed quo consectetur voluptatem sit. Aut occaecati voluptatem voluptatem sed error eum. Amet vel nisi velit corporis itaque aut maxime sunt.',0,1,'1982-11-12 03:38:29'),(48,14,92,'Ut rerum nesciunt deleniti nisi. Necessitatibus consequuntur voluptates accusamus ad. Labore nulla impedit id hic a facere et perspiciatis. Aut nobis beatae aperiam eum.',1,0,'2011-03-10 23:41:37'),(49,16,2,'Excepturi ab non ea incidunt voluptatem harum explicabo laudantium. Voluptatem dolorem et sunt illum quisquam. Molestiae maiores quia illum quo et. Nihil illum dolores temporibus saepe facilis.',1,1,'1982-02-11 07:45:20'),(50,64,11,'At eius laborum dolor aut. Odit aliquid hic sint minima vel suscipit hic. A debitis est distinctio nihil numquam quo ipsum.',1,0,'2001-12-27 07:26:54'),(51,64,84,'Dicta doloribus esse odit sint dolore. Illo porro expedita sit quis eum culpa et. Minus sed voluptatem deserunt officiis tempora.',0,0,'1975-05-25 02:02:43'),(52,31,2,'Reprehenderit similique explicabo reprehenderit quo et quia. Culpa sed voluptate aut totam fugit nobis eaque voluptate. Modi et sunt dolores quisquam est.',1,0,'1983-05-13 08:33:57'),(53,16,75,'Est ad tempora quam inventore nisi vero quibusdam. Aut consequatur in atque nisi sequi.',0,0,'2007-03-12 23:03:34'),(54,24,95,'Rem soluta aspernatur aut et. Corporis voluptates officia sit culpa. Recusandae officiis in repellendus minima voluptatem quae nesciunt. Possimus eligendi hic praesentium et voluptas corrupti.',1,0,'1998-01-21 18:17:56'),(55,4,34,'Quisquam impedit quo labore quaerat rerum eos eligendi. Laudantium et id iusto ullam blanditiis sed est. Architecto in neque temporibus odio. Ex veniam magni quia aliquid aut iure. Ut ea neque ea non.',1,1,'1973-06-29 03:12:38'),(56,56,80,'Distinctio doloribus hic est quod quas. Et aspernatur natus fuga. Fuga voluptatum optio vitae omnis.',0,1,'1990-08-30 03:31:04'),(57,29,5,'Optio blanditiis voluptatibus sint quia rerum dolorem. Voluptas rerum in omnis consequuntur ea.',0,1,'1988-03-23 13:31:40'),(58,39,80,'Est hic a iure molestias. Dolor magni et iste quaerat. Nemo dolorem aperiam earum amet.',1,1,'1980-09-19 15:00:40'),(59,80,59,'Hic laboriosam commodi quod nobis est explicabo. Possimus qui error repudiandae doloribus mollitia. Dicta voluptas et perspiciatis. Odit harum consequatur sunt.',1,0,'1984-04-02 01:52:48'),(60,54,94,'Autem libero repellat dicta dolorem nostrum quod animi pariatur. Et quisquam inventore et blanditiis animi voluptate minima. Ab aliquid dolor reprehenderit ea ut. Sit laudantium ratione quia suscipit earum praesentium molestias.',0,1,'1985-09-22 04:17:20'),(61,8,57,'Facilis dolores culpa sunt praesentium rerum voluptates. Voluptate velit sed voluptatibus quo molestias sed. Aut incidunt aut magni sapiente.',0,1,'2019-04-03 22:01:04'),(62,62,35,'Commodi ex perspiciatis dolores et qui consequatur voluptates. Autem animi ipsum optio perspiciatis quod. Deserunt nisi architecto quasi eum eos libero sequi.',0,0,'1976-06-16 01:32:56'),(63,92,53,'Quaerat necessitatibus sint ex id voluptatem possimus omnis et. Tempore placeat et in. Quibusdam vero est sed dolor sed.',1,1,'1994-07-15 03:19:23'),(64,89,87,'Ut et dolor laudantium eligendi reprehenderit rerum et. Voluptatem cum aut et dolores repellendus. Reprehenderit qui quae dolorem pariatur quaerat. Et voluptatem et vel enim et.',0,0,'1992-04-15 06:22:16'),(65,66,67,'Minima iure laboriosam nisi ullam ut. Dolorem dolorem eum autem et eos magnam. Saepe optio sit rerum non consequatur eligendi debitis.',1,1,'1983-02-05 10:22:49'),(66,38,86,'Voluptatem est voluptas consequatur in sint molestias maiores. Voluptates rerum porro necessitatibus. Sequi aut fugiat quia ea quod qui.',0,1,'2019-04-13 03:54:07'),(67,18,32,'Voluptas dolor porro molestiae aut. Ipsam quaerat voluptatum eius eos iste architecto. Sunt aliquam in laudantium temporibus. Et sit sunt laborum iste corrupti.',1,1,'1983-07-05 12:33:04'),(68,5,29,'Laudantium omnis in nihil corporis officiis modi. Neque consequatur aut quas blanditiis et suscipit.',1,0,'1970-06-10 22:10:36'),(69,30,64,'Dolorem consequatur veniam ut nisi veniam. Vitae dicta maiores voluptate laborum. Voluptas voluptatum eligendi eius in vel a. Perferendis veniam quia quo possimus incidunt labore enim sunt. Et ipsa deserunt repellendus iusto id vitae sapiente.',1,0,'2003-01-24 18:13:54'),(70,27,42,'Quia odit quo quo dolores rerum. Temporibus quas distinctio omnis soluta. Aliquid eligendi nisi enim ipsa nobis. Velit assumenda magnam sapiente et. Exercitationem perspiciatis quibusdam commodi quasi consequatur consequatur at sint.',0,1,'2017-07-07 07:05:12'),(71,31,28,'Culpa repellat aliquid a quo occaecati doloremque incidunt. Adipisci atque asperiores perferendis error laborum inventore ipsam. Molestias enim ut similique veniam. Beatae odio dolorem animi recusandae incidunt autem in.',0,0,'2008-06-23 23:46:43'),(72,44,38,'Nihil quas accusantium deleniti necessitatibus. Non perferendis alias accusamus perferendis. Quisquam eum qui voluptate exercitationem architecto sunt.',1,0,'1975-03-09 21:39:01'),(73,55,62,'Distinctio quia beatae voluptatem voluptate. Praesentium necessitatibus iusto ut nemo doloremque earum. Reprehenderit quia est adipisci.',1,0,'1988-05-09 08:24:21'),(74,43,28,'Fugit explicabo fuga quidem aut et eum. Molestiae vel corrupti hic harum deserunt ipsam.',0,1,'2020-04-01 01:19:52'),(75,13,78,'Non est corrupti nisi qui et impedit. Quia rerum eius nobis. Harum facere et sunt quidem. Ad quidem perferendis aperiam nam sit mollitia voluptas.',0,1,'2001-04-23 11:22:16'),(76,49,14,'Quidem voluptates dolores et consequatur qui quidem quasi. Officiis a ea iusto eaque nobis. Deserunt ipsa consequuntur asperiores aut ipsa necessitatibus.',1,0,'1980-03-21 20:47:37'),(77,23,70,'Autem fugiat nesciunt iure. Et tempora exercitationem expedita commodi nam. Nesciunt accusantium eum dolores voluptatem veniam ab. Eveniet veniam ut autem neque fuga.',1,1,'1999-10-02 14:21:56'),(78,81,95,'Autem iure ipsa ducimus sunt minima. Quia libero aliquid laudantium quam quaerat inventore. Repellat quae aperiam quia officiis minus et. Doloremque sunt sequi ut modi dicta dicta deserunt.',0,1,'1995-12-30 04:09:53'),(79,33,77,'Quod temporibus nihil quas. Fuga nisi omnis nostrum ab eos. Necessitatibus sequi sint deserunt non sit. Ab modi officia autem.',1,0,'2008-03-03 16:54:05'),(80,86,100,'Illum sed exercitationem est nostrum consequatur. Quas ducimus qui ut quaerat. Culpa molestias asperiores voluptatum possimus repudiandae.',0,1,'2010-11-09 13:22:16'),(81,42,10,'Accusantium iure expedita necessitatibus at exercitationem odit sit. Laudantium maxime voluptates perspiciatis qui et. Nostrum sequi illo quibusdam qui ut id quis. Omnis nisi labore culpa dolor.',1,1,'2013-11-09 21:09:22'),(82,23,85,'Maxime voluptatem veniam et deleniti aliquam natus. Deleniti dicta est provident molestias tempore. Et sed velit a illum et. Sed amet sit quod et.',0,1,'1987-10-01 12:46:10'),(83,55,18,'Voluptas error ut porro delectus quia vero. Rerum officia ad aut vero esse commodi est.',1,1,'1985-03-02 07:00:09'),(84,26,75,'Veniam quia sed itaque rerum delectus corrupti non. Veniam est perferendis vitae ullam nam error laudantium. Reprehenderit quae fuga unde fugit.',1,0,'1976-03-20 23:46:42'),(85,98,65,'Numquam occaecati sunt aut autem. Est quis dignissimos hic voluptas laudantium sit. In sed sed nobis enim molestias aut quia. Blanditiis temporibus quia ipsum.',1,0,'1990-07-02 12:37:05'),(86,28,45,'Ipsum eos consequatur nihil architecto quos rerum et. Ut reiciendis facere impedit quaerat autem animi. Molestiae et laudantium nostrum earum tempore facere qui. Quam pariatur dolores aliquid esse repellendus voluptas consequatur doloribus.',1,0,'2009-08-15 06:14:37'),(87,40,66,'Vel qui doloribus debitis ipsa sint. Velit at incidunt optio esse dolorem sint. Tenetur voluptatem quia et alias.',0,0,'2015-02-24 11:15:50'),(88,7,37,'Vero nulla eligendi dolores qui. Aliquam quos fugit aut distinctio et. Dignissimos et quae voluptates quis est fugiat enim.',0,1,'2003-11-17 16:11:30'),(89,63,2,'Ad exercitationem eos aut aliquam ratione et perferendis. Ratione maxime ex minus minima velit.',0,1,'1971-12-20 20:20:28'),(90,23,9,'Expedita exercitationem voluptas iusto soluta hic expedita maxime est. Sit iusto aut repellendus est sed id officiis qui. Ad quidem velit saepe aut reprehenderit.',1,0,'2018-01-06 05:16:11'),(91,76,50,'Et soluta necessitatibus voluptatem sed. Quibusdam quia molestiae dolorum unde. Laudantium dicta et harum optio adipisci neque voluptatibus.',1,1,'2014-04-10 13:01:03'),(92,21,55,'Similique illo deserunt placeat sed quo nam et. Impedit occaecati voluptatem illum laudantium facere quae. Consequuntur consectetur nesciunt qui quis. Voluptatem corporis corporis occaecati sed atque fuga beatae.',0,1,'1972-08-07 08:58:49'),(93,10,87,'Quisquam quasi repudiandae tenetur itaque est. Optio harum nostrum cupiditate unde vitae nobis. Reprehenderit optio nemo nihil perferendis minus quia cupiditate.',0,1,'2009-05-25 10:33:00'),(94,4,60,'Occaecati et est quia mollitia nihil. Ducimus optio ipsam eius est repellendus consequatur. Deleniti soluta enim eius distinctio libero nesciunt rerum.',0,1,'2019-03-16 11:00:43'),(95,86,51,'Eos dolor quo recusandae qui. Beatae aspernatur ut nisi saepe facere. In itaque suscipit cum beatae quam.',0,0,'2010-09-28 06:12:18'),(96,95,24,'Dolorum illo nemo tempore dolorem. Minus aut quod sit. Et harum commodi quibusdam ut.',0,0,'2010-07-05 00:46:48'),(97,33,93,'Omnis animi voluptatibus eos pariatur. Culpa eaque ipsa minima laborum est ut. Atque impedit ad dolore velit.',1,0,'2015-11-05 06:33:43'),(98,64,41,'Minima magni accusantium minus sint id sit. Et vitae reiciendis alias sit. Omnis qui molestias quaerat labore et quisquam dolores at.',1,1,'1989-04-10 23:09:03'),(99,14,46,'Et magni voluptatem eaque provident et atque qui labore. Tempore autem amet ex atque dolorem voluptatem similique. Molestias quas nesciunt qui facilis nihil tempore expedita.',0,0,'2013-08-13 21:12:13'),(100,88,2,'Ipsum quos facilis voluptatem asperiores at accusantium. Nesciunt quia quia sit accusamus. Sunt adipisci voluptatum ea explicabo.',0,0,'1998-09-08 06:23:09');
/*!40000 ALTER TABLE `messages` ENABLE KEYS */;
UNLOCK TABLES;

--
-- Table structure for table `profiles`
--

DROP TABLE IF EXISTS `profiles`;
/*!40101 SET @saved_cs_client     = @@character_set_client */;
/*!40101 SET character_set_client = utf8 */;
CREATE TABLE `profiles` (
  `user_id` int(10) unsigned NOT NULL COMMENT 'Ссылка на пользователя',
  `gender` enum('M','F') COLLATE utf8mb4_unicode_ci DEFAULT NULL,
  `birthday` date DEFAULT NULL COMMENT 'Дата рождения',
  `city_id` int(10) unsigned DEFAULT NULL COMMENT 'Ссылка на город проживания',
  `created_at` datetime DEFAULT CURRENT_TIMESTAMP COMMENT 'Время создания строки',
  `updated_at` datetime DEFAULT CURRENT_TIMESTAMP ON UPDATE CURRENT_TIMESTAMP COMMENT 'Время обновления строки',
  PRIMARY KEY (`user_id`)
) ENGINE=InnoDB DEFAULT CHARSET=utf8mb4 COLLATE=utf8mb4_unicode_ci COMMENT='Профили';
/*!40101 SET character_set_client = @saved_cs_client */;

--
-- Dumping data for table `profiles`
--

LOCK TABLES `profiles` WRITE;
/*!40000 ALTER TABLE `profiles` DISABLE KEYS */;
INSERT INTO `profiles` VALUES (1,'M','2006-11-30',49,'1981-03-16 08:42:14','2021-08-07 20:11:46'),(2,'F','1987-07-27',22,'1974-07-15 00:01:18','2021-08-07 20:51:31'),(3,'F','1972-08-03',62,'1982-01-23 02:04:54','2021-08-07 20:51:31'),(4,'F','2019-06-22',44,'1975-06-27 23:33:29','2021-08-07 20:51:31'),(5,'M','2005-11-30',32,'1998-04-12 19:42:05','2021-08-07 20:11:46'),(6,'M','1978-02-10',28,'1983-04-15 16:08:16','2021-08-07 20:11:46'),(7,'M','1973-05-29',46,'1979-05-30 07:33:37','2021-08-07 20:11:46'),(8,'F','2020-03-09',43,'1981-01-01 07:51:29','2021-08-07 20:51:31'),(9,'F','1988-03-02',75,'2000-09-12 20:32:21','2021-08-07 20:51:31'),(10,'M','2006-02-01',48,'1994-02-15 10:53:53','2021-08-07 20:11:46'),(11,'F','2017-11-13',12,'1995-05-08 23:20:11','2021-08-07 20:51:31'),(12,'F','1985-02-24',17,'1989-10-07 15:59:37','2021-08-07 20:51:31'),(13,'F','2016-11-25',50,'2010-05-07 21:54:17','2021-08-07 20:51:31'),(14,'M','2016-07-29',98,'2007-11-05 04:25:35','2021-08-07 20:11:46'),(15,'M','1996-10-25',37,'2007-07-30 14:17:53','2021-08-07 20:11:46'),(16,'M','1973-12-30',92,'1981-03-31 21:51:57','2021-08-07 20:11:46'),(17,'M','2016-01-21',50,'1992-03-15 07:42:18','2021-08-07 20:11:46'),(18,'F','1998-12-08',71,'1998-02-09 10:30:58','2021-08-07 20:51:31'),(19,'M','1976-04-21',7,'2019-12-04 21:30:36','2021-08-07 20:11:46'),(20,'F','2001-08-17',18,'1992-08-31 18:32:57','2021-08-07 20:51:31'),(21,'F','1994-06-06',72,'1970-10-29 21:59:21','2021-08-07 20:51:31'),(22,'M','2017-11-20',5,'1996-11-10 22:28:30','2021-08-07 20:11:46'),(23,'F','1972-10-05',8,'1976-07-19 16:50:14','2021-08-07 20:51:31'),(24,'F','2014-09-22',23,'1988-10-26 04:13:36','2021-08-07 20:51:31'),(25,'F','2006-04-01',89,'1974-03-26 19:13:11','2021-08-07 20:51:31'),(26,'F','2000-06-14',79,'2004-11-12 15:58:16','2021-08-07 20:51:31'),(27,'F','2014-12-23',27,'1978-08-09 07:42:00','2021-08-07 20:51:31'),(28,'M','1970-12-23',98,'1971-10-18 12:06:04','2021-08-07 20:11:46'),(29,'M','1984-04-04',9,'2008-05-11 09:07:07','2021-08-07 20:11:46'),(30,'M','1983-05-19',48,'1978-07-18 04:16:18','2021-08-07 20:11:46'),(31,'M','1979-07-02',15,'1977-06-14 12:26:13','2021-08-07 20:11:46'),(32,'M','1994-06-01',30,'1984-03-24 08:46:59','2021-08-07 20:11:46'),(33,'F','1974-01-28',2,'2005-05-06 05:37:08','2021-08-07 20:51:31'),(34,'F','1981-08-15',22,'2013-02-13 11:38:08','2021-08-07 20:51:31'),(35,'M','2011-06-14',3,'1992-03-16 15:19:39','2021-08-07 20:11:46'),(36,'F','2015-01-18',48,'1997-12-26 20:09:02','2021-08-07 20:51:31'),(37,'F','2002-04-10',29,'2005-06-19 02:48:36','2021-08-07 20:51:31'),(38,'F','1979-11-16',3,'1980-04-26 03:07:09','2021-08-07 20:51:31'),(39,'M','2003-06-07',27,'1996-11-26 15:43:33','2021-08-07 20:11:46'),(40,'M','1995-07-20',25,'2012-12-12 18:15:25','2021-08-07 20:11:46'),(41,'F','2012-05-20',42,'1970-10-16 22:56:36','2021-08-07 20:51:31'),(42,'M','2000-06-22',36,'1990-01-09 21:58:25','2021-08-07 20:11:46'),(43,'M','1985-06-27',53,'1981-05-28 03:48:10','2021-08-07 20:11:46'),(44,'F','2002-06-28',59,'1998-06-14 07:10:05','2021-08-07 20:51:31'),(45,'M','2004-04-11',32,'1972-05-17 15:01:49','2021-08-07 20:11:46'),(46,'M','2001-09-28',83,'1978-11-28 04:08:01','2021-08-07 20:11:46'),(47,'F','1990-12-27',20,'2000-02-17 03:17:30','2021-08-07 20:51:31'),(48,'F','2016-07-10',48,'2006-11-27 16:29:06','2021-08-07 20:51:31'),(49,'F','1973-10-02',79,'1972-04-11 21:59:34','2021-08-07 20:51:31'),(50,'F','2003-08-19',54,'2009-10-05 15:44:04','2021-08-07 20:51:31'),(51,'F','1971-10-19',30,'1987-02-14 02:45:40','2021-08-07 20:51:31'),(52,'M','1978-09-30',90,'1985-07-27 19:01:21','2021-08-07 20:11:46'),(53,'F','2018-06-16',57,'2017-07-09 19:14:31','2021-08-07 20:51:31'),(54,'M','2004-02-26',17,'1994-05-26 10:49:06','2021-08-07 20:11:46'),(55,'F','2010-11-14',11,'1986-03-31 20:21:17','2021-08-07 20:51:31'),(56,'M','1970-07-26',6,'1995-10-20 14:18:50','2021-08-07 20:11:46'),(57,'F','1973-10-30',95,'2001-10-29 16:02:23','2021-08-07 20:51:31'),(58,'F','1973-02-09',59,'1994-04-24 08:36:05','2021-08-07 20:51:31'),(59,'M','2018-05-31',7,'1991-08-11 01:44:28','2021-08-07 20:11:46'),(60,'F','1992-05-07',56,'1986-08-01 22:12:24','2021-08-07 20:51:31'),(61,'F','2011-09-24',61,'2006-02-22 21:02:22','2021-08-07 20:51:31'),(62,'M','1995-06-29',36,'1988-11-19 15:20:41','2021-08-07 20:11:46'),(63,'F','1995-01-20',96,'1984-10-09 16:23:16','2021-08-07 20:51:31'),(64,'F','1977-07-05',70,'1991-04-23 00:06:21','2021-08-07 20:51:31'),(65,'F','1991-12-25',62,'1980-02-15 16:29:17','2021-08-07 20:51:31'),(66,'M','2009-01-27',98,'2016-11-10 19:54:13','2021-08-07 20:11:46'),(67,'F','2002-03-04',5,'1977-03-23 15:48:19','2021-08-07 20:51:31'),(68,'F','1976-05-10',32,'1990-07-20 09:07:02','2021-08-07 20:51:31'),(69,'M','1972-02-04',43,'1972-01-12 14:58:28','2021-08-07 20:11:46'),(70,'F','2020-01-31',19,'2012-01-06 11:08:45','2021-08-07 20:51:31'),(71,'F','1995-05-09',66,'1975-08-09 07:48:34','2021-08-07 20:51:31'),(72,'F','1990-01-17',71,'1989-08-25 08:22:36','2021-08-07 20:51:31'),(73,'F','1991-12-27',56,'2008-12-15 14:39:14','2021-08-07 20:51:31'),(74,'F','1977-01-27',66,'1991-04-09 15:58:46','2021-08-07 20:51:31'),(75,'F','1991-12-24',63,'1986-03-22 03:06:07','2021-08-07 20:51:31'),(76,'F','2018-11-12',17,'2013-08-01 15:38:12','2021-08-07 20:51:31'),(77,'M','1982-12-20',94,'1993-03-02 15:30:00','2021-08-07 20:11:46'),(78,'M','1974-01-04',17,'1980-03-11 21:12:14','2021-08-07 20:11:46'),(79,'F','2012-09-09',6,'1985-04-09 18:53:44','2021-08-07 20:51:31'),(80,'M','1995-10-23',78,'1992-06-03 00:33:59','2021-08-07 20:11:46'),(81,'F','1999-02-16',69,'2003-01-07 18:26:08','2021-08-07 20:51:31'),(82,'M','1984-05-23',12,'1971-11-24 09:17:13','2021-08-07 20:11:46'),(83,'M','1985-10-14',52,'2009-10-17 05:19:16','2021-08-07 20:11:46'),(84,'F','2010-03-23',22,'1975-12-09 22:56:31','2021-08-07 20:51:31'),(85,'M','1977-09-13',53,'2001-07-14 00:03:29','2021-08-07 20:11:46'),(86,'M','1994-04-25',1,'1996-08-18 00:31:58','2021-08-07 20:11:46'),(87,'M','2021-03-20',46,'1994-11-23 16:56:41','2021-08-07 20:11:46'),(88,'F','2011-02-23',27,'1987-10-02 12:47:54','2021-08-07 20:51:31'),(89,'M','1984-11-09',95,'2002-06-15 22:11:57','2021-08-07 20:11:46'),(90,'F','1981-10-26',94,'1977-08-17 17:04:24','2021-08-07 20:51:31'),(91,'F','2012-04-14',83,'2007-07-25 23:24:07','2021-08-07 20:51:31'),(92,'M','1982-04-22',33,'2002-10-14 17:55:35','2021-08-07 20:11:46'),(93,'M','1989-08-15',15,'2005-01-09 15:06:17','2021-08-07 20:11:46'),(94,'M','1988-05-22',77,'2014-01-14 21:36:13','2021-08-07 20:11:46'),(95,'F','2014-04-07',41,'2016-01-06 13:31:18','2021-08-07 20:51:31'),(96,'M','2006-01-05',70,'1974-05-10 18:36:28','2021-08-07 20:11:46'),(97,'F','1980-05-18',29,'2015-11-28 16:45:11','2021-08-07 20:51:31'),(98,'F','2003-05-30',34,'1995-08-21 15:09:28','2021-08-07 20:51:31'),(99,'M','1980-02-11',84,'1984-12-03 14:53:08','2021-08-07 20:11:46'),(100,'M','2001-11-24',14,'1976-06-10 12:25:21','2021-08-07 20:11:46');
/*!40000 ALTER TABLE `profiles` ENABLE KEYS */;
UNLOCK TABLES;

--
-- Table structure for table `users`
--

DROP TABLE IF EXISTS `users`;
/*!40101 SET @saved_cs_client     = @@character_set_client */;
/*!40101 SET character_set_client = utf8 */;
CREATE TABLE `users` (
  `id` int(10) unsigned NOT NULL AUTO_INCREMENT COMMENT 'Идентификатор строки',
  `first_name` varchar(100) COLLATE utf8mb4_unicode_ci NOT NULL COMMENT 'Имя пользователя',
  `last_name` varchar(100) COLLATE utf8mb4_unicode_ci NOT NULL COMMENT 'Фамилия пользователя',
  `email` varchar(100) COLLATE utf8mb4_unicode_ci NOT NULL COMMENT 'Почта',
  `phone` varchar(100) COLLATE utf8mb4_unicode_ci NOT NULL COMMENT 'Телефон',
  `created_at` datetime DEFAULT CURRENT_TIMESTAMP COMMENT 'Время создания строки',
  `updated_at` datetime DEFAULT CURRENT_TIMESTAMP ON UPDATE CURRENT_TIMESTAMP COMMENT 'Время обновления строки',
  PRIMARY KEY (`id`),
  UNIQUE KEY `email` (`email`),
  UNIQUE KEY `phone` (`phone`)
) ENGINE=InnoDB AUTO_INCREMENT=101 DEFAULT CHARSET=utf8mb4 COLLATE=utf8mb4_unicode_ci COMMENT='Пользователи';
/*!40101 SET character_set_client = @saved_cs_client */;

--
-- Dumping data for table `users`
--

LOCK TABLES `users` WRITE;
/*!40000 ALTER TABLE `users` DISABLE KEYS */;
INSERT INTO `users` VALUES (1,'Una Powlowski','Lehner','vcremin@example.org','1-935-742-9688','1986-10-03 09:41:19','1998-09-20 02:53:51'),(2,'Mrs. Sandy Klein PhD','Fritsch','cassin.natalia@example.net','+01(8)1145358631','1988-03-02 05:28:53','2021-08-07 20:10:57'),(3,'Katharina O\'Hara','Witting','jada.brown@example.net','(290)239-2732x037','2016-09-01 01:13:00','2021-08-07 20:10:57'),(4,'Keely Fahey','Barton','fstrosin@example.org','643-392-4975x1925','1987-12-16 06:49:09','2001-01-20 19:27:24'),(5,'Dorthy Lueilwitz','Homenick','angie.o\'reilly@example.com','540-607-5029','1977-04-14 03:39:36','2001-06-09 14:18:22'),(6,'Franz Stroman','Nikolaus','rhea42@example.org','(664)256-6588x71489','2008-10-07 23:31:42','2021-08-07 20:10:57'),(7,'Mortimer Welch DDS','Ferry','dwight95@example.com','247.288.2930x89891','1981-02-05 05:59:57','1982-06-18 12:53:21'),(8,'Dandre Volkman','Schmidt','afeil@example.com','09182732357','2014-08-21 21:15:20','2021-08-07 20:10:57'),(9,'Mrs. Emmalee Hahn','Ryan','mcummerata@example.net','700.792.5141x57800','1987-05-05 08:02:48','2021-08-07 20:10:57'),(10,'Dr. Hallie Conn','Klein','hickle.nicola@example.net','1-986-510-9575x4182','1974-12-30 05:33:45','2008-08-29 05:24:50'),(11,'Alessandra Schaden','Cassin','alfred.dickens@example.net','1-862-042-3222x7080','2012-08-11 17:40:22','2021-08-07 20:10:57'),(12,'Dr. Lennie Prohaska','Skiles','darby87@example.org','027-136-3650','1972-09-21 14:17:08','2003-03-18 06:11:12'),(13,'Zola Hills','Haley','oturner@example.net','244-717-5540x0165','2006-04-20 22:45:08','2018-07-13 00:35:18'),(14,'Melody Robel','Langworth','dorris79@example.org','1-340-894-3576','1990-04-16 00:38:53','2017-06-08 09:14:21'),(15,'Dr. Jayme Kulas','Feest','khickle@example.com','(025)674-6425','2007-06-18 22:55:41','2021-08-07 20:10:57'),(16,'Mrs. Ila Emmerich','Bins','albin.stoltenberg@example.com','(221)055-2870x43433','2006-10-14 17:08:25','2021-08-07 20:10:57'),(17,'Domenico Watsica I','Moen','olson.meagan@example.org','981-017-5842x12928','1977-08-10 07:28:00','2004-07-05 11:37:54'),(18,'Ricky Gerlach','Bruen','waelchi.johan@example.org','702-300-8983','2008-06-18 11:51:06','2021-08-07 20:10:57'),(19,'Marion Hintz','Ortiz','alivia.kirlin@example.org','039.946.6216x970','1973-03-28 09:08:54','1993-04-30 23:11:31'),(20,'Jordan Koss','Sporer','evert.emard@example.com','1-018-241-7595x9614','1982-06-28 16:02:09','2016-07-13 09:48:31'),(21,'Mr. Emerald West Jr.','Ondricka','juanita79@example.net','(066)153-5683x81462','1977-01-12 06:07:55','2021-08-07 20:10:57'),(22,'Ceasar Fahey','Wisozk','lisette.pouros@example.net','633-854-3487x2148','1988-01-22 16:48:10','1991-06-30 01:59:51'),(23,'Rosendo Abshire','Larson','ischinner@example.org','+15(8)2686984081','2000-03-17 11:21:15','2021-08-07 20:10:57'),(24,'Jakob Weber','King','green.rosemary@example.com','548-462-5292','1972-10-05 12:56:59','2003-05-29 18:16:42'),(25,'Mrs. Lexie Konopelski IV','Kerluke','wiley00@example.org','+29(4)2633833641','1976-12-07 15:09:32','1987-09-22 14:31:41'),(26,'Prof. Rashad Johnston','Grant','bahringer.genevieve@example.org','686-302-0964x921','1982-09-02 13:37:53','1995-08-05 23:14:22'),(27,'Alfred Strosin','Rogahn','ybeer@example.com','736-983-6741x3263','1973-04-13 07:19:37','1984-09-23 09:18:15'),(28,'Dr. Chris Beatty','Leannon','pskiles@example.com','+36(0)6858632581','1991-06-25 06:11:40','1993-10-10 16:18:51'),(29,'Alisha Greenfelder','Hegmann','fritsch.salma@example.net','(045)233-0119x062','1977-11-16 18:07:15','1979-09-04 02:17:06'),(30,'Dr. Esteban Gutkowski','Wehner','destiney02@example.net','+45(8)0516274640','1977-04-28 22:28:03','1988-07-02 14:33:28'),(31,'Esta Mills','Fadel','amalia.quigley@example.org','(213)561-5127','1993-02-13 05:13:53','2011-05-23 17:12:06'),(32,'Abbey Stamm PhD','Rice','ken41@example.org','862-911-6028x053','1986-04-14 03:19:49','2008-01-25 22:21:44'),(33,'Mr. Terry Kulas DVM','Glover','melisa30@example.com','038.417.3752x36550','2019-12-11 04:17:37','2021-08-07 20:10:57'),(34,'Prof. Roxane Willms','Nicolas','genoveva25@example.net','136.792.2248','1973-05-31 02:37:11','1996-02-13 18:05:03'),(35,'Letitia Zulauf','Batz','aschowalter@example.org','+05(5)6817281139','2020-07-15 14:50:37','2021-08-07 20:10:57'),(36,'Mr. Paul Hane','Bartell','casper.freeda@example.org','+78(0)5462952671','1988-03-16 15:59:18','2005-11-02 04:32:50'),(37,'Friedrich Swaniawski','West','nakia.farrell@example.com','03724867607','1980-07-30 04:08:38','1991-10-29 21:30:44'),(38,'Gussie Batz','Davis','micheal60@example.org','944.161.3661x33479','1997-03-06 07:04:53','2021-08-07 20:10:57'),(39,'Magdalena Leuschke','Rau','kbruen@example.net','+89(7)0324657620','2014-06-28 00:32:56','2021-08-07 20:10:57'),(40,'Mr. Branson Huel','Torphy','chelsie.halvorson@example.net','03336576713','1987-07-12 22:58:27','2021-08-07 20:10:57'),(41,'Dr. Elisha Spinka','Kunze','raquel91@example.org','494-413-1850x941','1980-02-07 13:31:42','2020-07-01 13:35:56'),(42,'Telly Christiansen','Purdy','paige82@example.org','1-122-620-3923','2006-07-28 09:27:13','2014-03-06 12:15:02'),(43,'Retha Ferry','Boyle','lucinda.paucek@example.net','+41(5)4520283282','1984-07-10 00:40:26','1993-03-22 20:21:27'),(44,'Laura Emmerich','Becker','kautzer.viola@example.net','(307)325-5587x87874','1972-03-13 13:28:23','1985-01-29 10:31:42'),(45,'Tyrel Murphy PhD','Berge','uwilliamson@example.com','748.360.1212x694','1999-04-28 11:59:19','2021-08-07 20:10:57'),(46,'Liliana Kerluke','Harber','kaycee50@example.net','1-891-181-8043','1996-01-01 14:17:28','2009-05-29 02:52:17'),(47,'Brown Willms IV','O\'Hara','mohr.gerald@example.com','313-578-5252x8264','1994-10-02 03:32:13','2021-08-07 20:10:57'),(48,'Jessy Waters','Cremin','taylor.gleason@example.com','392.431.1573x2471','1996-10-15 19:57:34','2021-08-07 20:10:57'),(49,'Dr. Deontae Feest','Hintz','shad44@example.org','266.713.2057x4445','2010-09-04 12:24:09','2021-08-07 20:10:57'),(50,'Kaylie Muller','Larson','fritsch.gabe@example.com','1-218-161-5105','1988-01-17 05:27:47','1988-07-24 10:59:13'),(51,'Dr. Catherine Kreiger II','Steuber','hwiegand@example.com','068.962.6274','1976-10-20 18:07:21','1983-12-04 10:29:59'),(52,'Candice Hamill','Daugherty','yasmine21@example.org','306-602-2280x49257','1976-01-21 19:30:00','2016-01-20 09:20:51'),(53,'Brett Littel','Boyle','evalyn38@example.org','563.075.7909x991','1974-08-06 08:48:02','1977-11-23 11:17:43'),(54,'Prof. Sarina Farrell','Nikolaus','carroll.kuhn@example.net','1-591-597-4339','1995-03-29 02:41:14','2021-08-07 20:10:57'),(55,'Mathias Reilly','Gutkowski','german.schowalter@example.org','290-953-8031x92632','1986-01-08 03:26:16','2006-03-12 06:31:58'),(56,'Trey Ondricka','Lebsack','lueilwitz.jerald@example.com','205.086.1509x02178','2020-02-19 00:23:52','2021-08-07 20:10:57'),(57,'Duncan Ritchie','Borer','kkrajcik@example.com','564.079.1098','2000-07-20 06:17:02','2021-08-07 20:10:57'),(58,'Jarrett VonRueden','Jenkins','catharine.kulas@example.org','985.262.7266','1970-04-24 19:19:20','1980-12-02 13:18:34'),(59,'Judy Rosenbaum PhD','Borer','ebechtelar@example.com','619.739.4458x019','2000-09-06 14:25:28','2006-02-12 18:29:20'),(60,'Mable Moore PhD','Grady','oren.considine@example.com','(519)074-9429x8425','1977-10-29 23:33:14','2014-04-24 13:48:28'),(61,'Mr. Unique Klocko V','Sanford','rodriguez.rosie@example.org','(865)151-5233','1999-06-17 10:05:27','2003-04-01 09:18:09'),(62,'Madonna Rolfson','Gibson','fkuphal@example.com','075-077-8395x18681','2008-06-01 08:41:12','2021-08-07 20:10:57'),(63,'Mr. Constantin Ryan','Kuphal','beier.gunnar@example.com','1-016-802-6570','2001-10-07 07:17:12','2007-04-14 13:04:53'),(64,'Magdalena Heathcote MD','Graham','delpha.hilpert@example.org','1-415-209-2106','2005-06-29 04:24:17','2021-08-07 20:10:57'),(65,'Ms. Jewell Stiedemann','Dare','bosco.valentine@example.net','347-692-9122x56714','1985-01-10 09:29:28','2013-03-03 21:12:47'),(66,'Dr. Mark Corwin','Bartell','nicolas.rosa@example.net','1-944-045-6999x41310','2012-01-21 04:39:29','2016-03-03 07:00:47'),(67,'Dr. Kailee Hintz DDS','Pagac','cristian23@example.net','(945)934-5636','2016-05-16 08:28:11','2021-08-07 20:10:57'),(68,'Mrs. Matilda Konopelski','Kreiger','isai17@example.org','1-087-126-8094x45820','1992-06-22 11:49:06','2017-04-06 07:39:05'),(69,'Cullen Hoppe Jr.','Ortiz','carleton.o\'hara@example.com','720.969.7435x92454','1985-10-07 05:45:07','2021-08-07 20:10:57'),(70,'Mr. Jo Fisher','Dare','dora74@example.net','625-427-0115x68843','1990-05-10 09:10:13','2014-07-12 00:04:51'),(71,'Elody Hilpert','Davis','rafaela52@example.net','+61(6)1046093432','2010-08-16 11:47:53','2021-08-07 20:10:57'),(72,'Stewart Baumbach Sr.','Medhurst','waters.alvera@example.org','675-415-2870','2009-12-11 11:01:47','2016-10-27 07:24:42'),(73,'Emerson Dach','Kihn','pagac.bertrand@example.org','1-862-049-6116','1976-03-01 03:42:25','2009-04-22 04:02:39'),(74,'Dante Kuvalis Sr.','Hills','mossie99@example.com','271.234.1048','1989-09-02 15:48:01','2021-08-07 20:10:57'),(75,'Ms. Yadira Hermiston','West','isabel.dubuque@example.net','(375)515-2270','1991-02-02 16:20:22','2021-05-21 15:52:19'),(76,'Armani Jacobi','Roob','cbradtke@example.net','(214)674-5568','2012-02-17 15:52:42','2021-08-07 20:10:57'),(77,'Jo Little','Beer','kbaumbach@example.org','218-127-5119','1983-10-02 11:57:25','2011-10-04 17:06:07'),(78,'Zoila Lang','Mann','mwaelchi@example.org','1-550-424-5923x0376','2006-11-01 16:40:49','2021-08-07 20:10:57'),(79,'Lorenza Hills II','Tromp','orlo44@example.net','(074)717-0632','1995-12-04 16:01:56','2021-08-07 20:10:57'),(80,'Flavie Nitzsche','Little','haylie.dickinson@example.net','(423)710-2906x576','2004-07-13 21:00:07','2021-08-07 20:10:57'),(81,'Dr. Dwight Strosin II','Frami','juana35@example.com','928-860-4686x4091','1975-08-18 15:57:03','2006-07-11 01:33:04'),(82,'Mrs. Earnestine Prosacco MD','Parisian','bernadette.bernhard@example.com','451.183.6178x5052','1993-12-10 19:52:04','2021-08-07 20:10:57'),(83,'Prof. Kassandra Rolfson','Erdman','beatty.brigitte@example.org','1-476-547-9040x8387','2014-12-13 13:37:01','2021-08-07 20:10:57'),(84,'Prof. Iliana Runolfsson','O\'Reilly','kay.mitchell@example.com','555.419.5697x811','2008-02-04 00:49:06','2017-06-17 07:19:00'),(85,'Christ Erdman','Kirlin','desiree66@example.com','09308615421','1989-12-29 15:22:23','1996-06-01 07:38:08'),(86,'Myrl Waelchi','Connelly','cremin.isaias@example.com','984.971.3466','1996-10-31 10:26:25','2021-08-07 20:10:57'),(87,'Kayden Rolfson','Eichmann','damian22@example.net','1-532-800-2796x56022','2011-01-14 01:29:37','2013-06-26 14:57:03'),(88,'Mrs. Kianna Schowalter II','McClure','andy87@example.net','378-596-1296','2009-12-02 08:29:56','2013-03-22 09:26:42'),(89,'Otha Schulist','Stamm','kiara.mckenzie@example.com','668-421-5796x20559','1975-05-03 21:50:00','2021-08-07 20:10:57'),(90,'Eve Goodwin','Runolfsdottir','zschoen@example.org','805.394.0321x559','1976-05-09 07:45:47','2017-12-02 20:34:47'),(91,'Mrs. Winnifred Boyle','Bechtelar','jonathan27@example.net','05374416600','1971-04-12 18:04:04','2016-07-03 01:12:32'),(92,'Beulah Lueilwitz','Wiza','ruecker.clement@example.com','806.761.8145x5143','2007-06-06 19:45:45','2018-10-07 06:44:39'),(93,'Howard Kovacek','Heathcote','igaylord@example.com','+67(4)5909117373','2009-06-08 21:27:57','2021-08-07 20:10:57'),(94,'Prof. Bailee Wisozk IV','Waelchi','gklein@example.org','258.643.0720x468','2003-11-06 00:24:38','2021-08-07 20:10:57'),(95,'Katrine Pollich','Fahey','derek.cole@example.net','01574078741','1989-11-20 05:10:06','1991-06-30 04:15:19'),(96,'Mr. Gino Fadel','Sporer','jaltenwerth@example.com','505-133-0450x959','1984-01-31 05:47:08','1987-08-28 06:21:01'),(97,'Liliana Bogan','Hermann','rippin.asa@example.net','(976)860-6519','2000-06-03 15:33:24','2021-08-07 20:10:57'),(98,'Nyah Gutkowski','Koch','mazie13@example.com','284-222-1666x595','1975-01-27 09:28:56','2000-03-09 01:54:16'),(99,'Sharon Erdman','Schmitt','kemmer.berneice@example.org','(620)982-0048x0641','1981-02-20 18:38:47','1984-07-16 12:22:06'),(100,'Eleazar Tremblay','Denesik','alfredo83@example.net','684.556.8833x33628','1994-11-20 11:58:23','2015-10-29 16:41:07');
/*!40000 ALTER TABLE `users` ENABLE KEYS */;
UNLOCK TABLES;

--
-- Dumping routines for database 'vk'
--
/*!40103 SET TIME_ZONE=@OLD_TIME_ZONE */;

/*!40101 SET SQL_MODE=@OLD_SQL_MODE */;
/*!40014 SET FOREIGN_KEY_CHECKS=@OLD_FOREIGN_KEY_CHECKS */;
/*!40014 SET UNIQUE_CHECKS=@OLD_UNIQUE_CHECKS */;
/*!40101 SET CHARACTER_SET_CLIENT=@OLD_CHARACTER_SET_CLIENT */;
/*!40101 SET CHARACTER_SET_RESULTS=@OLD_CHARACTER_SET_RESULTS */;
/*!40101 SET COLLATION_CONNECTION=@OLD_COLLATION_CONNECTION */;
/*!40111 SET SQL_NOTES=@OLD_SQL_NOTES */;

-- Dump completed on 2021-08-07 21:43:12
